model_name,n_estimators,train_mse,valid_mse
F0_60cum_plus_policy,1,9.534311552653671e-05,0.0017559297458397262
F0_60cum_plus_policy,2,7.454760344383586e-05,0.0015242732382707823
F0_60cum_plus_policy,3,6.631405976810856e-05,0.0013610804264359096
F0_60cum_plus_policy,4,5.5239891735393634e-05,0.0012457874517906606
F0_60cum_plus_policy,5,4.7605434007710246e-05,0.0011747349784490765
F0_60cum_plus_policy,6,4.698823601295515e-05,0.0012009294010291661
F0_60cum_plus_policy,7,4.093553755137431e-05,0.0011767786187219641
F0_60cum_plus_policy,8,3.9512550545825045e-05,0.0011814253245763023
F0_60cum_plus_policy,9,3.92564687761679e-05,0.0011479025428723839
F0_60cum_plus_policy,10,3.683242289953094e-05,0.001111264634425275
F0_60cum_plus_policy,11,3.5841949837027036e-05,0.00105595492925823
F0_60cum_plus_policy,12,3.449249819941196e-05,0.0010369159697773966
F0_60cum_plus_policy,13,3.303954612552253e-05,0.0010186727829870053
F0_60cum_plus_policy,14,3.266205493576606e-05,0.0010558856734514325
F0_60cum_plus_policy,15,3.179469937808596e-05,0.0010559098510029216
F0_60cum_plus_policy,16,3.1931166570509335e-05,0.0010699373133370054
F0_60cum_plus_policy,17,3.162807702085592e-05,0.0010770333035248875
F0_60cum_plus_policy,18,3.16933482198086e-05,0.0010582752683396318
F0_60cum_plus_policy,19,3.207982972412648e-05,0.0010527014768216604
F0_60cum_plus_policy,20,3.351502626909853e-05,0.0010327445271921228
F0_60cum_plus_policy,21,3.400321370800604e-05,0.0010123835190322746
F0_60cum_plus_policy,22,3.398944139249123e-05,0.0010255181096343652
F0_60cum_plus_policy,23,3.4626934731661976e-05,0.0010107556175370956
F0_60cum_plus_policy,24,3.468266489817954e-05,0.0010257471990960697
F0_60cum_plus_policy,25,3.468742176870584e-05,0.0010228758219206241
F0_60cum_plus_policy,26,3.48650055073491e-05,0.0010237011462348403
F0_60cum_plus_policy,27,3.498702279805675e-05,0.0010164970343217628
F0_60cum_plus_policy,28,3.519874338359097e-05,0.0010166977382233685
F0_60cum_plus_policy,29,3.473465373770797e-05,0.0010173349469097656
F0_60cum_plus_policy,30,3.478024256399012e-05,0.0010180235207192842
F0_60cum_plus_policy,31,3.5518824147517376e-05,0.0010095020899564715
F0_60cum_plus_policy,32,3.5797889663216296e-05,0.0010238827117583997
F0_60cum_plus_policy,33,3.539588380842685e-05,0.0010249226969859743
F0_60cum_plus_policy,34,3.563660056603162e-05,0.0010314616653533393
F0_60cum_plus_policy,35,3.528039685483342e-05,0.0010282008871602786
F0_60cum_plus_policy,36,3.510860644611254e-05,0.0010211526381589233
F0_60cum_plus_policy,37,3.490762243640763e-05,0.0010179685518704993
F0_60cum_plus_policy,38,3.4916904634884745e-05,0.0010077260590959428
F0_60cum_plus_policy,39,3.4748445462959536e-05,0.001009552978353593
F0_60cum_plus_policy,40,3.463825785192674e-05,0.0010005788080412108
F0_60cum_plus_policy,41,3.5135095893640727e-05,0.0009967181694181156
F0_60cum_plus_policy,42,3.5336476936570216e-05,0.0010004804309697384
F0_60cum_plus_policy,43,3.507766128171655e-05,0.0009953590871248394
F0_60cum_plus_policy,44,3.479468040136688e-05,0.0009999334335032146
F0_60cum_plus_policy,45,3.448631135810054e-05,0.000987899405478494
F0_60cum_plus_policy,46,3.464537284349937e-05,0.0009961090647585924
F0_60cum_plus_policy,47,3.458081358541281e-05,0.0009941814220660564
F0_60cum_plus_policy,48,3.4625411902153615e-05,0.0009923955531636116
F0_60cum_plus_policy,49,3.4825571103221456e-05,0.0009877047631237559
F0_60cum_plus_policy,50,3.498894432809875e-05,0.000990669620947866
F0_60cum_plus_policy,51,3.4831225781958395e-05,0.0009968423288681991
F0_60cum_plus_policy,52,3.4862231264115164e-05,0.0009998921847529831
F0_60cum_plus_policy,53,3.49552816883655e-05,0.00098579617165927
F0_60cum_plus_policy,54,3.4799801064949864e-05,0.0009826437992190218
F0_60cum_plus_policy,55,3.469316748954947e-05,0.0009818524078338043
F0_60cum_plus_policy,56,3.518638858272071e-05,0.0009797815364806213
F0_60cum_plus_policy,57,3.494487098964823e-05,0.0009755276208948982
F0_60cum_plus_policy,58,3.512010731138133e-05,0.0009705193652212113
F0_60cum_plus_policy,59,3.533027820695329e-05,0.0009714602488059676
F0_60cum_plus_policy,60,3.5522496112605725e-05,0.0009718263693131872
F0_60cum_plus_policy,61,3.564874495405576e-05,0.0009737906685904153
F0_60cum_plus_policy,62,3.541102828026237e-05,0.0009785463059137649
F0_60cum_plus_policy,63,3.553329331066846e-05,0.0009728900225145358
F0_60cum_plus_policy,64,3.543056294609028e-05,0.0009763167274002324
F0_60cum_plus_policy,65,3.525034244113279e-05,0.0009740184693640239
F0_60cum_plus_policy,66,3.560756771536992e-05,0.0009765715415415164
F0_60cum_plus_policy,67,3.593889237493544e-05,0.000987483141253161
F0_60cum_plus_policy,68,3.6114099235929465e-05,0.0009876208589044812
F0_60cum_plus_policy,69,3.624692357753014e-05,0.0009889930801600612
F0_60cum_plus_policy,70,3.6282153602727464e-05,0.0009930931220999055
F0_60cum_plus_policy,71,3.640428960230399e-05,0.0009952958693244154
F0_60cum_plus_policy,72,3.624942047332891e-05,0.0009916202942346437
F0_60cum_plus_policy,73,3.607056177088996e-05,0.0009903821217585795
F0_60cum_plus_policy,74,3.576983825130383e-05,0.0009901102116131688
F0_60cum_plus_policy,75,3.589217843910587e-05,0.000994098610190086
F0_60cum_plus_policy,76,3.566149078471839e-05,0.000991381043641358
F0_60cum_plus_policy,77,3.5650723732710656e-05,0.000988167778890832
F0_60cum_plus_policy,78,3.585410957315566e-05,0.000988817534849814
F0_60cum_plus_policy,79,3.575889047118546e-05,0.0009845916646301794
F0_60cum_plus_policy,80,3.57660554848789e-05,0.0009845200701106506
F0_60cum_plus_policy,81,3.5702380914966166e-05,0.0009899059428041602
F0_60cum_plus_policy,82,3.562030114455542e-05,0.00099098278115023
F0_60cum_plus_policy,83,3.5664470539737466e-05,0.0009899950413562923
F0_60cum_plus_policy,84,3.558158400425689e-05,0.0009900632646705325
F0_60cum_plus_policy,85,3.54959143793216e-05,0.000990270732471451
F0_60cum_plus_policy,86,3.5629537989451627e-05,0.0009868072882348743
F0_60cum_plus_policy,87,3.5673845524694986e-05,0.000985615162725125
F0_60cum_plus_policy,88,3.56273188908084e-05,0.0009846416419152912
F0_60cum_plus_policy,89,3.5628582911004796e-05,0.000984323286313011
F0_60cum_plus_policy,90,3.5736713457862936e-05,0.000985688796115546
F0_60cum_plus_policy,91,3.57496436543967e-05,0.0009835454284925266
F0_60cum_plus_policy,92,3.566108891920411e-05,0.000983542493753069
F0_60cum_plus_policy,93,3.566995118397476e-05,0.0009854375217363176
F0_60cum_plus_policy,94,3.558082725954215e-05,0.0009884323035821074
F0_60cum_plus_policy,95,3.5770028196284044e-05,0.0009898186337212289
F0_60cum_plus_policy,96,3.584843343911728e-05,0.0009929413967998144
F0_60cum_plus_policy,97,3.588731880193839e-05,0.0009914366602728456
F0_60cum_plus_policy,98,3.566544544423049e-05,0.0009921570845220881
F0_60cum_plus_policy,99,3.5838729649821206e-05,0.0009903980474506976
F0_60cum_plus_policy,100,3.570645811777924e-05,0.0009889061053005939
F1_F0_plus_cycles,1,1.3767967508642774e-05,0.0019194728196056884
F1_F0_plus_cycles,2,8.609808029022954e-06,0.0011510818411282458
F1_F0_plus_cycles,3,7.008629935573163e-06,0.000973727140852514
F1_F0_plus_cycles,4,6.19977085852187e-06,0.0009630576049245942
F1_F0_plus_cycles,5,5.767722424158351e-06,0.0009477063631011627
F1_F0_plus_cycles,6,5.4799192726931926e-06,0.0009342962368106869
F1_F0_plus_cycles,7,5.2610756457839425e-06,0.0009008905454058447
F1_F0_plus_cycles,8,5.0773634685345505e-06,0.0008885521664499861
F1_F0_plus_cycles,9,4.991461609570525e-06,0.0009400235381640075
F1_F0_plus_cycles,10,4.876319141662047e-06,0.0009323583556461858
F1_F0_plus_cycles,11,4.829614599851195e-06,0.0009233916502006103
F1_F0_plus_cycles,12,4.7595239432747504e-06,0.00092408096283005
F1_F0_plus_cycles,13,4.7026582014566645e-06,0.0008854032444652412
F1_F0_plus_cycles,14,4.629834563761699e-06,0.00087747534214677
F1_F0_plus_cycles,15,4.587853746770685e-06,0.0008641423527981299
F1_F0_plus_cycles,16,4.5309861909412785e-06,0.0008526062944778189
F1_F0_plus_cycles,17,4.505457871095156e-06,0.0008531407686075503
F1_F0_plus_cycles,18,4.490792206970224e-06,0.0008401324201010456
F1_F0_plus_cycles,19,4.459260211886267e-06,0.0008652802190458766
F1_F0_plus_cycles,20,4.436062104419081e-06,0.0008669097635695696
F1_F0_plus_cycles,21,4.420739603816769e-06,0.0008600005802924035
F1_F0_plus_cycles,22,4.396278924903928e-06,0.0008602541441909615
F1_F0_plus_cycles,23,4.389079683543493e-06,0.0008436022533646856
F1_F0_plus_cycles,24,4.372225451947469e-06,0.0008384977894406205
F1_F0_plus_cycles,25,4.365542242011719e-06,0.0008360040966635103
F1_F0_plus_cycles,26,4.350575632769968e-06,0.0008349220161153247
F1_F0_plus_cycles,27,4.327543020512622e-06,0.0008300090804224432
F1_F0_plus_cycles,28,4.305671516137684e-06,0.0008335485383930419
F1_F0_plus_cycles,29,4.2889141477985194e-06,0.0008374684311251934
F1_F0_plus_cycles,30,4.28566531770151e-06,0.0008486154437582029
F1_F0_plus_cycles,31,4.286751388374096e-06,0.0008491585920678859
F1_F0_plus_cycles,32,4.279287602257082e-06,0.0008324238127800301
F1_F0_plus_cycles,33,4.267684469781636e-06,0.0008339690091403111
F1_F0_plus_cycles,34,4.2578317855143325e-06,0.0008348719081419363
F1_F0_plus_cycles,35,4.24622840104065e-06,0.0008312213379364781
F1_F0_plus_cycles,36,4.24291560330632e-06,0.0008406952645152036
F1_F0_plus_cycles,37,4.239810859148967e-06,0.0008487632679679586
F1_F0_plus_cycles,38,4.2354017258883965e-06,0.0008719936303906482
F1_F0_plus_cycles,39,4.225712267687236e-06,0.0008755421509765816
F1_F0_plus_cycles,40,4.2287671089261126e-06,0.0008760815838107481
F1_F0_plus_cycles,41,4.224150372679341e-06,0.0008764826634046803
F1_F0_plus_cycles,42,4.222111366209969e-06,0.0008733574407757077
F1_F0_plus_cycles,43,4.203504828433128e-06,0.0008599404777438096
F1_F0_plus_cycles,44,4.19807144985799e-06,0.0008489228094675438
F1_F0_plus_cycles,45,4.187610516394791e-06,0.0008506024098313694
F1_F0_plus_cycles,46,4.180362218229228e-06,0.0008552090974939002
F1_F0_plus_cycles,47,4.169610239600671e-06,0.0008686966384736448
F1_F0_plus_cycles,48,4.171572927128414e-06,0.0008661392622538151
F1_F0_plus_cycles,49,4.170339625616518e-06,0.0008694623146802701
F1_F0_plus_cycles,50,4.165953574327767e-06,0.0008663496599208729
F1_F0_plus_cycles,51,4.163834571362612e-06,0.0008712653937928908
F1_F0_plus_cycles,52,4.160041888831528e-06,0.0008724193231765726
F1_F0_plus_cycles,53,4.153244700585498e-06,0.0008733462557016411
F1_F0_plus_cycles,54,4.153534583246215e-06,0.0008702487389551178
F1_F0_plus_cycles,55,4.145774597180637e-06,0.0008658278823004441
F1_F0_plus_cycles,56,4.142625818610348e-06,0.0008716992499993738
F1_F0_plus_cycles,57,4.144586015991239e-06,0.0008718333038399844
F1_F0_plus_cycles,58,4.148349751155296e-06,0.0008801448738983077
F1_F0_plus_cycles,59,4.1446927470798154e-06,0.000878080575936165
F1_F0_plus_cycles,60,4.136087774131121e-06,0.00087780356709772
F1_F0_plus_cycles,61,4.13612940655568e-06,0.0008764299604935392
F1_F0_plus_cycles,62,4.127692396120403e-06,0.0008800820215149154
F1_F0_plus_cycles,63,4.128064389252678e-06,0.0008765656927787333
F1_F0_plus_cycles,64,4.131764644560995e-06,0.00087874530062917
F1_F0_plus_cycles,65,4.125557219746912e-06,0.000872510118816243
F1_F0_plus_cycles,66,4.1232412225066515e-06,0.0008741003516973009
F1_F0_plus_cycles,67,4.1255911156257075e-06,0.0008718494945852228
F1_F0_plus_cycles,68,4.121698238106643e-06,0.0008762288073937151
F1_F0_plus_cycles,69,4.12881463829764e-06,0.0008825827249064756
F1_F0_plus_cycles,70,4.1231158726331795e-06,0.0008778461070348882
F1_F0_plus_cycles,71,4.118590969577124e-06,0.0008741272450552811
F1_F0_plus_cycles,72,4.115036744269508e-06,0.000875569049311876
F1_F0_plus_cycles,73,4.114370901429341e-06,0.0008672625277903042
F1_F0_plus_cycles,74,4.117663693216135e-06,0.0008741347970431755
F1_F0_plus_cycles,75,4.116727158173143e-06,0.0008807671733988917
F1_F0_plus_cycles,76,4.1147777942806895e-06,0.0008801806300007258
F1_F0_plus_cycles,77,4.1149688361580754e-06,0.0008819437401404711
F1_F0_plus_cycles,78,4.114929045372999e-06,0.0008828347083936766
F1_F0_plus_cycles,79,4.1164382115750734e-06,0.0008793345839567185
F1_F0_plus_cycles,80,4.121701670817728e-06,0.0008820455626567496
F1_F0_plus_cycles,81,4.130636562277027e-06,0.0008858490640170518
F1_F0_plus_cycles,82,4.1276894884868155e-06,0.000888790389429572
F1_F0_plus_cycles,83,4.124208618996213e-06,0.0008843397243789391
F1_F0_plus_cycles,84,4.121225647720554e-06,0.0008849205731963888
F1_F0_plus_cycles,85,4.123298721879531e-06,0.0008901193800705831
F1_F0_plus_cycles,86,4.1178957964694904e-06,0.0008927721994119144
F1_F0_plus_cycles,87,4.1202317407060124e-06,0.0008965152067446942
F1_F0_plus_cycles,88,4.1168519553969e-06,0.0008946200887984981
F1_F0_plus_cycles,89,4.114891137944818e-06,0.0008900455740384844
F1_F0_plus_cycles,90,4.111466251962437e-06,0.0008891632220309756
F1_F0_plus_cycles,91,4.111116261913879e-06,0.0008833482242923619
F1_F0_plus_cycles,92,4.1108338717028775e-06,0.000887714540623063
F1_F0_plus_cycles,93,4.10843467753734e-06,0.0008867244699984318
F1_F0_plus_cycles,94,4.103232915588756e-06,0.0008894547495121076
F1_F0_plus_cycles,95,4.100204050598055e-06,0.0008902763337623837
F1_F0_plus_cycles,96,4.098403792283323e-06,0.0008921783434281498
F1_F0_plus_cycles,97,4.1000212164215925e-06,0.0008952093952738012
F1_F0_plus_cycles,98,4.095783918385815e-06,0.0008963068534216697
F1_F0_plus_cycles,99,4.097408739440573e-06,0.0008959930106573748
F1_F0_plus_cycles,100,4.096960235096279e-06,0.0008964126157813431
F1_F0_plus_cycles,101,4.097492198869061e-06,0.0008938380485086138
F1_F0_plus_cycles,102,4.09647849305365e-06,0.0008966794061364841
F1_F0_plus_cycles,103,4.0940254352357896e-06,0.0008982359651118253
F1_F0_plus_cycles,104,4.095147656977873e-06,0.0008989398205660012
F1_F0_plus_cycles,105,4.0934907752394545e-06,0.0008945329778138812
F1_F0_plus_cycles,106,4.091906962663489e-06,0.0008979128877281459
F1_F0_plus_cycles,107,4.091322960765523e-06,0.0008957232132743457
F1_F0_plus_cycles,108,4.0857058264922924e-06,0.000897243439352772
F1_F0_plus_cycles,109,4.086476174028687e-06,0.0008914100159615683
F1_F0_plus_cycles,110,4.083103391567119e-06,0.0008874430634686537
F1_F0_plus_cycles,111,4.083968328970206e-06,0.000887207812726658
F1_F0_plus_cycles,112,4.081892231214243e-06,0.0008874853937634702
F1_F0_plus_cycles,113,4.081786384684715e-06,0.0008825649980741752
F1_F0_plus_cycles,114,4.0814854107048864e-06,0.0008799943402041523
F1_F0_plus_cycles,115,4.0811775151179365e-06,0.0008815144482550346
F1_F0_plus_cycles,116,4.08396610775546e-06,0.0008814116569413861
F1_F0_plus_cycles,117,4.081848771615795e-06,0.0008840631646615236
F1_F0_plus_cycles,118,4.079903892838162e-06,0.0008854922045270068
F1_F0_plus_cycles,119,4.079220051374385e-06,0.0008854357505469346
F1_F0_plus_cycles,120,4.083086238739669e-06,0.0008858248936360883
F2_F1_plus_60inc_plus_stats,1,5.057759658236353e-05,0.0011381226845468394
F2_F1_plus_60inc_plus_stats,2,3.296851099432399e-05,0.0009512448009181816
F2_F1_plus_60inc_plus_stats,3,2.859552363711353e-05,0.0007077363390229954
F2_F1_plus_60inc_plus_stats,4,2.844962675764799e-05,0.0006283613599947966
F2_F1_plus_60inc_plus_stats,5,2.711299529444284e-05,0.0005715523303976585
F2_F1_plus_60inc_plus_stats,6,2.6072012612870262e-05,0.0005656290675131071
F2_F1_plus_60inc_plus_stats,7,2.4612314003608126e-05,0.0005685143033441183
F2_F1_plus_60inc_plus_stats,8,2.3740989278020335e-05,0.0005667182447970258
F2_F1_plus_60inc_plus_stats,9,2.271635783039326e-05,0.0005322315660795424
F2_F1_plus_60inc_plus_stats,10,2.176711075403218e-05,0.0005373976597973371
F2_F1_plus_60inc_plus_stats,11,2.0701770916421253e-05,0.0005160921685919936
F2_F1_plus_60inc_plus_stats,12,2.0212197515351357e-05,0.0005230598211007706
F2_F1_plus_60inc_plus_stats,13,1.9960691977756246e-05,0.000528019818430503
F2_F1_plus_60inc_plus_stats,14,2.0032468161131326e-05,0.000506457350133991
F2_F1_plus_60inc_plus_stats,15,1.9363439966543806e-05,0.0005116098876803767
F2_F1_plus_60inc_plus_stats,16,1.8448279458472016e-05,0.0005228445274489215
F2_F1_plus_60inc_plus_stats,17,1.8569456162450794e-05,0.0005200501070767658
F2_F1_plus_60inc_plus_stats,18,1.8460096317431688e-05,0.0005168933709160676
F2_F1_plus_60inc_plus_stats,19,1.829719227546103e-05,0.0005129044452215875
F2_F1_plus_60inc_plus_stats,20,1.7914362837622813e-05,0.0005138192089812422
F2_F1_plus_60inc_plus_stats,21,1.7516935926506444e-05,0.0005205148287699903
F2_F1_plus_60inc_plus_stats,22,1.7410402100501087e-05,0.0005146824043861541
F2_F1_plus_60inc_plus_stats,23,1.7148088560785627e-05,0.0005186925896357
F2_F1_plus_60inc_plus_stats,24,1.7467640149816203e-05,0.0005217094745082791
F2_F1_plus_60inc_plus_stats,25,1.7666149467653125e-05,0.0005233369819249768
F2_F1_plus_60inc_plus_stats,26,1.7482483989613333e-05,0.0005307926038456302
F2_F1_plus_60inc_plus_stats,27,1.739290103427697e-05,0.0005318011419191171
F2_F1_plus_60inc_plus_stats,28,1.7529723522861887e-05,0.0005285833216845347
F2_F1_plus_60inc_plus_stats,29,1.752284835818198e-05,0.0005244071405786861
F2_F1_plus_60inc_plus_stats,30,1.7601052828759938e-05,0.0005229087039485421
F2_F1_plus_60inc_plus_stats,31,1.7507569019744958e-05,0.0005179402705717985
F2_F1_plus_60inc_plus_stats,32,1.772034257628753e-05,0.0005215451558772886
F2_F1_plus_60inc_plus_stats,33,1.756071714884993e-05,0.0005205590431803418
F2_F1_plus_60inc_plus_stats,34,1.7479378026775664e-05,0.0005195115293117853
F2_F1_plus_60inc_plus_stats,35,1.745142438176351e-05,0.0005270070802804542
F2_F1_plus_60inc_plus_stats,36,1.7527585659529533e-05,0.0005277668031546343
F2_F1_plus_60inc_plus_stats,37,1.7811271457503465e-05,0.0005228552346089666
F2_F1_plus_60inc_plus_stats,38,1.7870718681139323e-05,0.0005174201006625779
F2_F1_plus_60inc_plus_stats,39,1.782020634264844e-05,0.0005245000620818189
F2_F1_plus_60inc_plus_stats,40,1.7760166618201403e-05,0.0005233454035764301
F2_F1_plus_60inc_plus_stats,41,1.7740864159846e-05,0.0005171841016993632
F2_F1_plus_60inc_plus_stats,42,1.7652159062583217e-05,0.0005139184085269215
F2_F1_plus_60inc_plus_stats,43,1.7456035369332673e-05,0.0005139870539480913
F2_F1_plus_60inc_plus_stats,44,1.7299647300166452e-05,0.0005116234193364147
F2_F1_plus_60inc_plus_stats,45,1.7191383347443834e-05,0.0005160278941365682
F2_F1_plus_60inc_plus_stats,46,1.7039655567338507e-05,0.0005108204425661717
F2_F1_plus_60inc_plus_stats,47,1.7335820989061503e-05,0.0005127010137509241
F2_F1_plus_60inc_plus_stats,48,1.7149110557512192e-05,0.0005081308650877853
F2_F1_plus_60inc_plus_stats,49,1.7107235727476514e-05,0.0005076753086326826
F2_F1_plus_60inc_plus_stats,50,1.713520650066112e-05,0.0005052470205521888
F2_F1_plus_60inc_plus_stats,51,1.7172456621971822e-05,0.0005042146053402249
F2_F1_plus_60inc_plus_stats,52,1.7140569831243394e-05,0.0005013826997434555
F2_F1_plus_60inc_plus_stats,53,1.724505524767473e-05,0.0005038907985679534
F2_F1_plus_60inc_plus_stats,54,1.7118348423572198e-05,0.0005042679861199052
F2_F1_plus_60inc_plus_stats,55,1.6912597775612362e-05,0.0005026708837376973
F2_F1_plus_60inc_plus_stats,56,1.692781568318311e-05,0.0005023490124118797
F2_F1_plus_60inc_plus_stats,57,1.687558449562274e-05,0.0005034442439661094
F2_F1_plus_60inc_plus_stats,58,1.679300108726226e-05,0.0005006026932826498
F2_F1_plus_60inc_plus_stats,59,1.6735772237138183e-05,0.0004989579981378925
F2_F1_plus_60inc_plus_stats,60,1.6699893442560807e-05,0.0005021030281768019
F2_F1_plus_60inc_plus_stats,61,1.6701417047981827e-05,0.0005027087388803588
F2_F1_plus_60inc_plus_stats,62,1.6593637595524455e-05,0.0004993746005904212
F2_F1_plus_60inc_plus_stats,63,1.663827304887153e-05,0.0005005676834173435
F2_F1_plus_60inc_plus_stats,64,1.6564358818097575e-05,0.0004967621781558449
F2_F1_plus_60inc_plus_stats,65,1.6399288280389963e-05,0.0005004192038394585
F2_F1_plus_60inc_plus_stats,66,1.6465465273226392e-05,0.0004984188315300318
F2_F1_plus_60inc_plus_stats,67,1.653518572721299e-05,0.0004986143546707909
F2_F1_plus_60inc_plus_stats,68,1.6451966329784463e-05,0.0004967028516814527
F2_F1_plus_60inc_plus_stats,69,1.6400226892313554e-05,0.0004951605113167963
F2_F1_plus_60inc_plus_stats,70,1.6387463550214948e-05,0.0004961216487915911
F2_F1_plus_60inc_plus_stats,71,1.6421275886529046e-05,0.0004961303731995515
F2_F1_plus_60inc_plus_stats,72,1.631612937510827e-05,0.0004978854927230139
F2_F1_plus_60inc_plus_stats,73,1.612597319973287e-05,0.0005007501058214425
F2_F1_plus_60inc_plus_stats,74,1.6042230613306e-05,0.0005033473420500785
F2_F1_plus_60inc_plus_stats,75,1.611635605690563e-05,0.0005029087730372616
F2_F1_plus_60inc_plus_stats,76,1.6043061633080284e-05,0.0005035237779281807
F2_F1_plus_60inc_plus_stats,77,1.5973900629959487e-05,0.000504996217599895
F2_F1_plus_60inc_plus_stats,78,1.602697598760139e-05,0.0005030703450756137
F2_F1_plus_60inc_plus_stats,79,1.5853884130469695e-05,0.0005030325321818623
F2_F1_plus_60inc_plus_stats,80,1.589499124504115e-05,0.0005019291798446375
F2_F1_plus_60inc_plus_stats,81,1.592260119364325e-05,0.0005043401975477688
F2_F1_plus_60inc_plus_stats,82,1.590626464034284e-05,0.0005081644219862593
F2_F1_plus_60inc_plus_stats,83,1.590285996650462e-05,0.0005079141654083076
F2_F1_plus_60inc_plus_stats,84,1.5787318982145195e-05,0.0005072775137188703
F2_F1_plus_60inc_plus_stats,85,1.5849690322731043e-05,0.0005076630659756183
F2_F1_plus_60inc_plus_stats,86,1.5803742592597705e-05,0.0005080286829609043
F2_F1_plus_60inc_plus_stats,87,1.5698028525359352e-05,0.0005102278790992866
F2_F1_plus_60inc_plus_stats,88,1.5674121905663182e-05,0.0005123223397963431
F2_F1_plus_60inc_plus_stats,89,1.573473811821324e-05,0.0005105087545910514
F2_F1_plus_60inc_plus_stats,90,1.576072907398429e-05,0.0005140013156765554
F2_F1_plus_60inc_plus_stats,91,1.5697691694763036e-05,0.0005122603774851011
F2_F1_plus_60inc_plus_stats,92,1.557026121006482e-05,0.0005101039432898355
F2_F1_plus_60inc_plus_stats,93,1.5598169015185757e-05,0.0005123813748859374
F2_F1_plus_60inc_plus_stats,94,1.5617368460313695e-05,0.0005137136208149026
F2_F1_plus_60inc_plus_stats,95,1.5584464224523296e-05,0.0005113646613359309
F2_F1_plus_60inc_plus_stats,96,1.5564583698519252e-05,0.0005086903431118493
F2_F1_plus_60inc_plus_stats,97,1.5511711887366304e-05,0.0005088488357932326
F2_F1_plus_60inc_plus_stats,98,1.5506005952695544e-05,0.0005078651198578028
F2_F1_plus_60inc_plus_stats,99,1.5440691394460992e-05,0.0005063699566160746
F2_F1_plus_60inc_plus_stats,100,1.5448019262085828e-05,0.0005049743507897562
F2_F1_plus_60inc_plus_stats,101,1.546361116475359e-05,0.0005047338007599063
F2_F1_plus_60inc_plus_stats,102,1.5466722681907092e-05,0.0005066740660322426
F2_F1_plus_60inc_plus_stats,103,1.5580134058794586e-05,0.0005062295966865136
F2_F1_plus_60inc_plus_stats,104,1.5564769953949755e-05,0.0005055021464305991
F2_F1_plus_60inc_plus_stats,105,1.5599158583560733e-05,0.0005051183914807091
F2_F1_plus_60inc_plus_stats,106,1.5585963417698443e-05,0.000505776427483046
F2_F1_plus_60inc_plus_stats,107,1.553959759703222e-05,0.0005046431590331621
F2_F1_plus_60inc_plus_stats,108,1.5538633398178666e-05,0.0005050000783432885
F2_F1_plus_60inc_plus_stats,109,1.5515196569694342e-05,0.0005053772550979577
F2_F1_plus_60inc_plus_stats,110,1.558491344909987e-05,0.0005051400346124516
F2_F1_plus_60inc_plus_stats,111,1.5670567510704558e-05,0.000505098066550867
F2_F1_plus_60inc_plus_stats,112,1.5659140214149424e-05,0.0005044605305215904
F2_F1_plus_60inc_plus_stats,113,1.558409083394104e-05,0.0005043830951548764
F2_F1_plus_60inc_plus_stats,114,1.5594126302641692e-05,0.0005027113558875541
F2_F1_plus_60inc_plus_stats,115,1.5573808052088452e-05,0.0005004459883252813
F2_F1_plus_60inc_plus_stats,116,1.5517647264606175e-05,0.0005027391582822164
F2_F1_plus_60inc_plus_stats,117,1.5483925955136358e-05,0.0005035192296699906
F2_F1_plus_60inc_plus_stats,118,1.5493053224945754e-05,0.0005041888997216238
F2_F1_plus_60inc_plus_stats,119,1.545321267321492e-05,0.0005039674421134845
F2_F1_plus_60inc_plus_stats,120,1.5530785602709034e-05,0.0005038761185088491
F2_F1_plus_60inc_plus_stats,121,1.5539462762468192e-05,0.0005031017318685981
F2_F1_plus_60inc_plus_stats,122,1.5564179585079516e-05,0.0005016649618862236
F2_F1_plus_60inc_plus_stats,123,1.5588079138251525e-05,0.0005023518938300207
F2_F1_plus_60inc_plus_stats,124,1.5600708784130034e-05,0.0005005969182078017
F2_F1_plus_60inc_plus_stats,125,1.5611392731501295e-05,0.0004993876602843051
F2_F1_plus_60inc_plus_stats,126,1.5641494624804407e-05,0.0005001050340254945
F2_F1_plus_60inc_plus_stats,127,1.567885867721022e-05,0.0005000652501610566
F2_F1_plus_60inc_plus_stats,128,1.57065952744055e-05,0.0005006407622326912
F2_F1_plus_60inc_plus_stats,129,1.574786278806404e-05,0.0004997925642739924
F2_F1_plus_60inc_plus_stats,130,1.5739600643714395e-05,0.0005010139012922335
F2_F1_plus_60inc_plus_stats,131,1.5692808646845782e-05,0.00050049308334688
F2_F1_plus_60inc_plus_stats,132,1.567330034701384e-05,0.0005005127099429961
F2_F1_plus_60inc_plus_stats,133,1.564490511055602e-05,0.0004997013300438988
F2_F1_plus_60inc_plus_stats,134,1.5550593146640787e-05,0.0004984466832462851
F2_F1_plus_60inc_plus_stats,135,1.5565612553712422e-05,0.0004991838652076127
F2_F1_plus_60inc_plus_stats,136,1.5579775836669412e-05,0.0004975036324643422
F2_F1_plus_60inc_plus_stats,137,1.5554492890778885e-05,0.0004993541475940303
F2_F1_plus_60inc_plus_stats,138,1.5563796725498933e-05,0.0004990695389636451
F2_F1_plus_60inc_plus_stats,139,1.5576286722891223e-05,0.00049846378895234
F2_F1_plus_60inc_plus_stats,140,1.5657684084852237e-05,0.000499293639903726
F2_F1_plus_60inc_plus_stats,141,1.569151551702966e-05,0.0005002866588474948
F2_F1_plus_60inc_plus_stats,142,1.5652439768438813e-05,0.0005021416162981449
F2_F1_plus_60inc_plus_stats,143,1.565817957101895e-05,0.0005013379086549587
F2_F1_plus_60inc_plus_stats,144,1.565299360347647e-05,0.000499826474634423
F2_F1_plus_60inc_plus_stats,145,1.5601407816073932e-05,0.0004993069375632955
F2_F1_plus_60inc_plus_stats,146,1.5588076638057686e-05,0.0004987699704388935
F2_F1_plus_60inc_plus_stats,147,1.562062312664046e-05,0.0004979562355384603
F2_F1_plus_60inc_plus_stats,148,1.558386828595039e-05,0.0004965860981967366
F2_F1_plus_60inc_plus_stats,149,1.557554309033596e-05,0.0004957002407940523
F2_F1_plus_60inc_plus_stats,150,1.5531276593664484e-05,0.0004941384755150176
F2_F1_plus_60inc_plus_stats,151,1.55428785067069e-05,0.0004946970425026582
F2_F1_plus_60inc_plus_stats,152,1.5504074096073494e-05,0.0004953859898219943
F2_F1_plus_60inc_plus_stats,153,1.5518272529398984e-05,0.0004949425117629987
F2_F1_plus_60inc_plus_stats,154,1.55122958114311e-05,0.00049440991930149
F2_F1_plus_60inc_plus_stats,155,1.5501753696316034e-05,0.0004960723006337778
F2_F1_plus_60inc_plus_stats,156,1.546865274538587e-05,0.0004948572625109308
F2_F1_plus_60inc_plus_stats,157,1.5467544441573225e-05,0.0004945080242011568
F2_F1_plus_60inc_plus_stats,158,1.54670380865756e-05,0.0004944990802960351
F2_F1_plus_60inc_plus_stats,159,1.54731205717311e-05,0.000496080973787349
F2_F1_plus_60inc_plus_stats,160,1.5496888369028556e-05,0.0004970397921650072
F2_F1_plus_60inc_plus_stats,161,1.5468617440124926e-05,0.000497063369601211
F2_F1_plus_60inc_plus_stats,162,1.550615741073474e-05,0.0004966124941176713
F2_F1_plus_60inc_plus_stats,163,1.551849302797494e-05,0.0004963510611814505
F2_F1_plus_60inc_plus_stats,164,1.5547892968446442e-05,0.0004960406420690035
F2_F1_plus_60inc_plus_stats,165,1.55604365144053e-05,0.0004953843977014513
F2_F1_plus_60inc_plus_stats,166,1.5622443838537677e-05,0.0004961069240514391
F2_F1_plus_60inc_plus_stats,167,1.5605082790855423e-05,0.0004941679940293701
F2_F1_plus_60inc_plus_stats,168,1.5627079526912085e-05,0.0004934452921026557
F2_F1_plus_60inc_plus_stats,169,1.559080023112951e-05,0.0004938540784123908
F2_F1_plus_60inc_plus_stats,170,1.5589932050737327e-05,0.0004931546430072559
F2_F1_plus_60inc_plus_stats,171,1.5654466620772525e-05,0.0004942879855736816
F2_F1_plus_60inc_plus_stats,172,1.5595471566395744e-05,0.0004938468186585402
F2_F1_plus_60inc_plus_stats,173,1.5604292311677676e-05,0.0004944789168168979
F2_F1_plus_60inc_plus_stats,174,1.559187703142697e-05,0.000494842069491576
F2_F1_plus_60inc_plus_stats,175,1.559769252341499e-05,0.0004952188873395826
F2_F1_plus_60inc_plus_stats,176,1.5594780988159716e-05,0.0004960165576587922
F2_F1_plus_60inc_plus_stats,177,1.5615284632229182e-05,0.0004968053409299073
F2_F1_plus_60inc_plus_stats,178,1.5558615806380182e-05,0.0004960956314332165
F2_F1_plus_60inc_plus_stats,179,1.558153519848976e-05,0.0004969183145251474
F2_F1_plus_60inc_plus_stats,180,1.5591191980984004e-05,0.0004959426971443892
F2_F1_plus_60inc_plus_stats,181,1.560021166525657e-05,0.0004963890144706472
F2_F1_plus_60inc_plus_stats,182,1.5632277007116134e-05,0.0004953941943568119
F2_F1_plus_60inc_plus_stats,183,1.5673410251442007e-05,0.0004958434509765531
F2_F1_plus_60inc_plus_stats,184,1.5676026828409344e-05,0.0004948813243705571
F2_F1_plus_60inc_plus_stats,185,1.5669598970474943e-05,0.0004942049386488695
F2_F1_plus_60inc_plus_stats,186,1.56581070462136e-05,0.0004947960689996614
F2_F1_plus_60inc_plus_stats,187,1.5681089857941107e-05,0.000494587620096548
F2_F1_plus_60inc_plus_stats,188,1.567543958428327e-05,0.0004945874817563698
F2_F1_plus_60inc_plus_stats,189,1.5630349713457504e-05,0.0004944371620819155
F2_F1_plus_60inc_plus_stats,190,1.5651727898673448e-05,0.0004941665114405968
F2_F1_plus_60inc_plus_stats,191,1.5669538846483792e-05,0.0004936695954646468
F2_F1_plus_60inc_plus_stats,192,1.5654401545175694e-05,0.0004926767332417029
F2_F1_plus_60inc_plus_stats,193,1.5621461745054903e-05,0.0004915587732359214
F2_F1_plus_60inc_plus_stats,194,1.5627463759984585e-05,0.0004915830026205121
F2_F1_plus_60inc_plus_stats,195,1.5589222821069334e-05,0.0004909533548418467
F2_F1_plus_60inc_plus_stats,196,1.556129441677706e-05,0.0004906296429383743
F2_F1_plus_60inc_plus_stats,197,1.5590535165694584e-05,0.0004907768098655862
F2_F1_plus_60inc_plus_stats,198,1.5614377670394253e-05,0.0004902222789908263
F2_F1_plus_60inc_plus_stats,199,1.5600979815254346e-05,0.0004902311471995123
F2_F1_plus_60inc_plus_stats,200,1.564369984571632e-05,0.0004911076027483106
