cycles,n_points_window,n_points_dqdv,peak_count_current,peak_count_balanced,peak1_abs_height_current,peak1_abs_height_balanced,peak1_voltage_drift_v,roughness_current,roughness_balanced
2,249,186,1,1,7.29833537917289,7.222027310646693,-0.0034999999999998366,0.10525415812062928,0.012528538112172057
3,258,185,1,1,7.304834868428989,7.149488374778294,0.0016569999999997975,0.11169046721840607,0.013914672940889768
4,256,188,1,1,7.283613146673204,7.143365016525359,-0.003643549999999607,0.11836158543969211,0.01310296419090117
5,251,186,1,1,7.257504705422127,7.194679468446131,0.0017356999999997846,0.12355811253729579,0.015832274562464495
6,250,184,1,1,7.527765034264972,7.340704253871278,0.0,0.10268306958433662,0.014017152318897939
7,247,187,1,1,7.45820126209163,7.243516101854426,-0.0009017000000000053,0.09810420670343002,0.01335694253777652
8,255,185,1,1,7.670623080429505,7.431108256052612,-0.0015969500000005965,0.1464978244707959,0.01627988128706175
9,265,188,1,1,7.210423222065691,7.122769531670373,-0.001642700000000108,0.10924861156110616,0.011946714097643368
10,251,186,3,1,13.133595481068092,11.640604457663082,-0.0009641500000006076,0.22845082934145516,0.04358698162998535
11,255,185,1,1,7.271688693715316,7.156335538147367,-0.0018572500000000325,0.11368901252493648,0.013501859728294156
12,253,187,1,1,7.240877338920944,7.08498026119563,-0.0009260499999999006,0.10719405965891883,0.012571586267581605
13,257,184,1,1,7.453033478375879,7.214023347558532,0.0,0.10599820597516253,0.013502315807507794
14,250,186,1,1,7.2630839336705115,7.125689835225371,-0.0035719499999999904,0.12133746696511084,0.013973536221357212
15,248,185,1,1,7.3485005909784595,7.1716082194735975,-0.0015902500000000153,0.11033043264370102,0.014607830501731795
16,259,183,1,1,7.542921524750917,7.305778869477631,0.0,0.12129667107471527,0.013885580358765312
17,251,185,1,1,7.597308253647757,7.238736064376445,0.001023749999999879,0.18366873745676304,0.019142894227257585
18,267,187,1,1,7.097464604203271,6.979148103360673,-0.0017561999999999856,0.11423921344244868,0.014298718357923915
19,255,185,1,1,7.5205930694018965,7.257278202345164,-0.0009498499999995857,0.15076542378164517,0.017506340850168965
20,244,184,1,1,7.393857052343909,7.102489319300367,0.0,0.13505514038303634,0.015644211144807164
21,267,186,1,1,7.298888072852,7.071714768239332,0.0,0.11232102375164006,0.01422999158895112
22,236,184,1,1,7.2049647347061665,6.962212302093149,0.0027408499999994618,0.13919282775822006,0.01577685743313626
23,253,186,1,1,7.15812297235416,7.019652585186488,0.0036483000000000487,0.11802236289821243,0.014148327769198252
24,252,184,1,1,7.267300621913705,7.101978766621814,-0.0025306000000000495,0.10914874402372167,0.015074190357227292
25,250,186,1,1,7.142340864923835,7.021289768060802,-0.0009899500000001282,0.10054088354117122,0.01425784425320367
26,253,185,1,1,7.264486312827024,7.046607616190668,0.0017223500000000946,0.13026403153129698,0.014567876127683408
27,254,183,1,1,7.049849561719002,6.905438217163731,0.0,0.11773352773578945,0.013959574508947772
28,255,185,1,1,7.128967416754662,6.936116246304475,-0.0009017000000000053,0.10408567915715505,0.013294645485925684
29,259,184,1,1,7.2263934268054975,6.9582299179639415,0.0018548999999996596,0.09993145887203947,0.01311330053856412
30,252,185,1,1,7.365508180970751,7.243286131553245,0.0007934499999997513,0.10893957795988657,0.013701268504772263
31,256,184,1,1,7.163139608788336,7.064885371861864,-0.0018262500000001403,0.11296227135066965,0.012481177588357012
32,272,185,1,1,7.165430624741633,6.95792036386306,0.0,0.09879061619493705,0.010876754638202186
33,255,184,1,1,7.172945020888533,6.992290025552534,-0.0008163500000000212,0.10004810378041461,0.014375133063744402
34,254,186,1,1,7.025005692938993,6.911621582689042,0.0009465500000001015,0.1243144982135576,0.013504899687846343
35,247,184,1,1,7.255467607900371,6.994968153560569,-0.0009917999999999871,0.10007129103732089,0.01255449803681554
36,263,182,1,1,7.317535575040268,7.09893371663391,-0.000911249999999697,0.10884050967882418,0.013505076077641938
37,259,185,1,1,7.114058669383297,6.955693634831564,-0.003554799999999858,0.14251451778351548,0.015092092905569938
38,258,183,1,1,7.343175223536704,7.1448523524561,-0.0008492499999999126,0.11887120747149937,0.013360519694651244
39,260,184,1,1,7.306171803529164,7.087224076446516,0.0,0.1565252410474315,0.017309659681881237
40,252,183,1,1,7.3221178792208095,6.951169484874525,0.0,0.11445880293466479,0.014602901385132648
41,255,185,1,1,7.145407904003221,6.97115466455466,0.0,0.11740996455096459,0.013339248749978341
42,255,183,1,1,8.00835962851086,7.653180745390852,0.0,0.13870948349532825,0.016370626324152655
43,237,185,1,1,7.503152482820878,7.19578994483571,0.0,0.10398746663773827,0.013218433703458094
44,252,184,1,1,7.147196171486463,7.038684280047551,-0.0008534999999998405,0.11971738977749798,0.014533301572796866
45,263,186,1,1,7.120398389384129,6.998811552115953,0.005542750000000041,0.11584411372765649,0.015119330972322821
46,242,183,1,1,7.208937184376886,7.004381330569301,-0.0009679499999997176,0.12875713683261086,0.014139947330694257
47,261,183,1,1,7.118750152830181,6.922625887755458,0.0036130500000002286,0.11678173732054395,0.014325580686167435
48,257,184,1,1,6.9603006267911,6.86634128422823,0.0,0.08937381950281297,0.011685325159133762
49,252,183,1,1,7.461107492839426,7.249085580505042,0.0037021500000000707,0.1384968687304919,0.01615457282072905
50,253,185,1,1,7.094767423284795,7.015278113499624,0.001055249999999841,0.11751461469551563,0.014394011429244341
51,250,183,3,1,9.630814154251361,8.796814088957412,0.0,0.1755718117264602,0.030526430620135027
52,248,182,1,1,7.634848955109207,7.216223953942419,0.0,0.1263931396176066,0.015284928969974527
53,252,184,1,1,7.139702464932112,6.997334976346046,0.0017815000000003245,0.1318212187235924,0.014609399763477875
54,250,182,1,1,7.098114791107343,7.028056080787632,0.0009317499999998979,0.10698337202154791,0.012383532958483759
55,240,181,1,1,7.160992981377989,7.049388890411602,0.0,0.11459194117042654,0.014059328502441546
56,252,183,1,1,7.245286852835158,7.1393099136044,0.0,0.10842505134294272,0.013200706391942799
57,251,185,1,1,7.179461038518367,7.057468373281846,0.0,0.1110338122328987,0.015159507188078025
58,257,183,1,1,7.251401335922609,7.043030246594315,-0.0016331499999999721,0.11432690449828531,0.013443602228408274
59,259,185,1,1,7.1649866502306665,6.9332878888155856,-0.0009036000000000044,0.11408578422422996,0.013809492543680439
60,250,183,1,1,7.112746042269899,6.893733748854219,0.0,0.1241186795745556,0.013692811396557597
61,237,181,1,1,7.05801791055767,6.837664374908316,-0.0009326499999997573,0.11097188048813109,0.013874594185794158
62,258,183,1,1,7.132501792735271,6.907845885454556,-0.0008754499999996668,0.11160538807460227,0.014050316717360414
63,254,181,1,1,7.077127261865591,6.953374148765142,0.0011038500000002394,0.10778726574301978,0.01406026556889894
64,258,183,1,1,7.030546395456979,6.935405804158549,0.0,0.1368100560235909,0.015297812835984075
65,250,181,1,1,7.117210245094933,6.9665764256957905,0.0,0.1369361924682911,0.015487284488538462
66,254,183,1,1,7.028289416717961,6.884595025765982,0.0,0.08796947379668063,0.012483894371715737
67,250,182,1,1,7.075519996584115,6.961366447739998,0.0009927499999999867,0.10718512103134029,0.013777976090946333
68,253,181,1,1,7.217479053113907,6.951609053364438,0.0,0.09674202402740177,0.013437887729455533
69,254,183,1,1,6.9530380089938095,6.8031030274151,-0.0009160000000001389,0.1343864454329224,0.01345590272702453
70,249,185,1,1,7.060775913094024,6.9233831458632755,-0.004597199999999635,0.11420795700349379,0.014326974988418067
71,261,183,1,1,7.182641085419504,7.053217876936241,0.0,0.09017071601470002,0.012640087902176115
72,250,181,1,1,6.8905357770795055,6.829512553071602,-0.0018505500000003394,0.09139876560839831,0.012021958792542682
73,244,182,1,1,7.169606837837888,6.957771234814721,0.0017614500000000533,0.10594995914636425,0.011888749530555865
74,247,181,1,1,6.96860528211173,6.7955407093886775,0.0,0.0952803436003691,0.011610954869025872
75,235,183,1,1,6.976688497099726,6.775773931114668,-0.0018477500000000369,0.09774645583199036,0.0116902698913022
76,250,181,1,1,7.093548827115516,6.971639419976729,0.0008830999999998035,0.10197120434114046,0.013704497143141233
77,263,183,1,1,6.993746915757605,6.840581744193882,0.0009360499999999661,0.09992574868533198,0.011331286619509355
78,252,181,1,1,6.943991017044084,6.82465578999188,0.0009655999999997888,0.12505984203624945,0.014885543826444565
79,244,180,1,1,7.082190641182459,6.831827229287567,0.0019059500000002672,0.12530261877960294,0.013826862138113767
80,239,182,1,1,6.8551477781850245,6.765514075812394,0.002722249999999704,0.09690747616457898,0.011451851867450442
81,247,180,1,1,7.02885363985995,6.889660531339256,-0.003602499999999953,0.12357374124992683,0.01456661212974951
82,251,182,1,1,7.163460919113994,7.0137199915295945,0.000906950000000073,0.09653351661337456,0.011785931134782348
83,241,180,1,1,7.027401216876623,6.835086059625084,-0.0018797000000003727,0.09526797824653321,0.011840434990441826
84,239,182,1,1,7.105918637809976,6.93273775176546,-0.001777649999999742,0.0973042741256248,0.01227219395816778
85,243,181,1,1,6.918539607467087,6.7562333450582095,0.0008496999999998422,0.091049423331592,0.012424505440486346
86,255,182,2,1,6.932579454478624,6.814703271156088,-0.0009470000000000312,0.12099540785908469,0.01605987807745255
87,241,181,1,1,6.972204513325362,6.880386424717378,0.0,0.10000928268452294,0.012145502024798997
88,243,183,1,1,7.564736342100158,7.248832640996445,0.0,0.10461939222539186,0.014106630333325652
89,240,181,1,1,7.061195363381925,6.900604976582247,0.0,0.09750470128432369,0.011597952120604722
90,260,183,1,1,6.907123346712073,6.77890101673206,-0.0018210500000002128,0.11534383678644228,0.012481149080082878
91,250,181,1,1,6.952143695404272,6.886372419584516,-0.003678799999999427,0.1060378382141657,0.013736865412219931
92,249,180,1,1,7.192507921469933,6.970271082607965,0.000976550000000298,0.09997146735852078,0.011041880283834862
93,247,182,1,1,7.348137465270899,6.989775339134983,0.0,0.13225606333061202,0.013861477950401808
94,244,180,1,1,6.952517696399015,6.777888142612179,-0.0008674000000001847,0.09727892262424444,0.011650121268001771
95,255,182,1,1,6.955374809026346,6.859612013582564,0.0,0.11371427398597315,0.01370181013558363
96,246,181,1,1,6.861102028464318,6.773097209304768,0.002781399999999934,0.09896281310052832,0.012148475823122487
97,254,183,1,1,7.52310078884763,7.313815152241414,0.0,0.13035684590784127,0.01466830481740504
98,248,180,1,1,7.006056771316148,6.779960041758281,0.0036124999999995744,0.11556449506887002,0.014784202328663232
99,257,183,1,1,6.82581938360722,6.725147684060261,0.0,0.0835166332889327,0.010326954845194263
100,246,182,1,1,6.95746114152406,6.814763950019725,0.0026330999999997218,0.10480726955050369,0.014194121841285018
101,247,179,1,1,6.85780084045646,6.74890013693625,0.0009059499999999332,0.09949113662680743,0.013154882868511067
102,256,182,1,1,6.861172736810617,6.746994518188669,-0.0019073500000001964,0.09627350006181723,0.012633470617024951
103,248,180,1,1,6.882628908524733,6.754374608568104,0.0,0.10178392451204123,0.012990322847778926
104,245,181,1,1,7.043891611922586,6.872873622711718,0.0010099500000002593,0.11707073700814873,0.014162949249151624
105,244,180,1,1,6.965543279967667,6.820235707641565,-0.0009065000000001433,0.11304280287748752,0.013179469125434504
106,259,182,1,1,7.331185398592691,7.059945060720322,0.0007066999999993939,0.12020567916348276,0.01519996334300522
107,251,180,1,1,6.962640321996862,6.87273293003591,0.003640649999999912,0.1188934118546248,0.014667174837943466
108,256,178,1,1,6.957989027284531,6.785361456365855,0.0009403000000003381,0.11317723219675219,0.013391043645362076
109,260,180,1,1,6.949138225301894,6.780805886053624,0.0009474499999999608,0.1234967619761605,0.013359914213300112
110,254,182,1,1,7.058262745819157,6.848436763443582,0.0018720999999999322,0.14089121246829575,0.016250252977382775
111,250,180,1,1,7.008908779886954,6.749034501847371,0.0,0.1012944252580328,0.012736292925319848
112,242,179,1,1,6.9982892933553265,6.850929762548915,0.0008931000000003131,0.10895612813643994,0.014029024674584306
113,258,181,1,1,6.927674845536839,6.851537271518569,0.0019063999999993086,0.13914564135124186,0.015595330492607813
114,242,179,1,1,6.969357204252891,6.908686825814138,0.0009665499999997884,0.10997466763786085,0.012713256882386522
115,242,180,1,1,6.802961614433727,6.627031666067474,-0.005717250000000451,0.12399631928144926,0.013146330910396343
116,248,178,1,1,6.788125724995181,6.739948949230753,0.0019993500000001774,0.09731177598379202,0.012597949687075732
117,241,180,2,1,7.665756511489759,7.3231339649151295,0.0007724999999996207,0.11102433590545156,0.01578224160451892
118,242,179,1,1,7.246793988464949,7.001699348051378,-0.002531049999999979,0.11153358088382657,0.014508161169234856
119,243,181,1,1,7.2942293215497065,7.1205700146972815,-0.0008802500000002489,0.11416549957612956,0.011801630612688083
120,251,179,1,1,7.274676955036825,6.95667979835714,-0.0008177999999996466,0.09668684136807193,0.012497612905037897
121,231,181,2,1,7.302012310781327,7.036096725359769,-0.0009637000000002338,0.14565263065588413,0.01565791995295951
122,247,179,1,1,6.9845319368005185,6.738180522904205,0.0,0.0853611157615112,0.011208969901256813
123,241,178,1,1,7.140986636764457,6.922461819659217,0.0008282499999996418,0.10996607226153636,0.013852779093313712
124,238,179,1,1,6.743805593037287,6.703534550184171,0.0018825500000003714,0.09256290215034428,0.01204400138487474
125,245,178,1,1,6.839754811410896,6.700366333402018,0.0009088500000000721,0.11015374886489088,0.01160741114426782
126,238,180,1,1,6.764312368956084,6.646046794560958,-0.001789099999999877,0.07852468955054809,0.010590551358065142
127,243,178,1,1,6.920741367984254,6.783175951479768,-0.00106670000000042,0.08472014241491997,0.010430470395433216
128,262,180,1,1,6.882797292102684,6.708707879796686,0.0,0.08869496648917756,0.011295884214037427
129,248,179,1,1,7.4479681088586975,7.095582700575403,-0.0007729499999999945,0.09956519084365148,0.012844667663995479
130,247,177,1,1,6.7827560123496164,6.684508333701185,-0.00098565000000006,0.07859026984898342,0.010504257921051944
131,251,179,1,1,6.863834077830873,6.667707262964402,0.0009231499999997617,0.09196104654294576,0.010795891388183805
132,246,178,1,1,7.02382604395181,6.8053387557986404,0.0,0.08759131031080891,0.011434951850843074
133,257,180,1,1,6.721706322714162,6.645462995998971,-0.010402249999999835,0.10130935301598443,0.013100827006028522
134,248,178,1,1,6.778019396012075,6.668255137888311,-0.003701200000000071,0.09657511953779284,0.010511097718186698
135,227,180,1,1,6.785731092936043,6.648571731115264,0.0,0.0894846766728406,0.011758630194963099
136,247,179,1,1,6.900448112599251,6.731683116368312,0.0,0.09693353830733142,0.012505604626063574
137,241,177,1,1,6.808218699829887,6.661352216346991,0.005820750000000263,0.09792363648775008,0.01139064063453119
138,242,179,1,1,6.904703053755727,6.80624040766364,0.001758999999999844,0.07527445132287107,0.010573047992691284
139,240,177,1,1,6.929822178198234,6.780159739236417,0.0018253000000001407,0.11208248581278854,0.012365000387308098
140,241,179,1,1,6.717408019939732,6.594282928726562,0.0,0.0794484236876137,0.01061676790511774
141,245,177,1,1,7.1540431942686435,6.872087417357479,0.0,0.0885586132518466,0.011823670682589752
142,251,180,1,1,6.792424073879525,6.751951899973031,0.0008802499999998048,0.08566635264614682,0.011481065091806488
143,238,177,1,1,6.73522253812412,6.642280851984951,0.0,0.061996850307933934,0.009753630836148608
144,243,180,1,1,6.965705443052224,6.758737286345963,0.0016865500000000644,0.09974067279688621,0.011990729228190866
145,240,179,1,1,6.72892735357777,6.631357640677655,-0.01026769999999999,0.08989766070946428,0.01178773516850883
146,246,177,1,1,6.92012545574407,6.741865227281366,-0.0008229999999995741,0.12111010510977664,0.010755818243720735
147,251,178,1,1,6.984986038372069,6.835507354249216,0.0010714499999999738,0.12673472472810277,0.013527534467245776
148,246,177,1,1,6.732923407450482,6.607303164011199,0.002719849999999635,0.10103400269130554,0.01178634970954389
149,243,179,1,1,6.763801891812086,6.649412280551584,0.001969349999999981,0.10119768686917967,0.011534932369648952
150,242,178,1,1,6.796724086800108,6.670106203702986,0.003685449999999868,0.1102250098247236,0.01204294528361491
151,249,176,1,1,6.826034123708078,6.70526405198015,-0.003633950000000219,0.10702976698317988,0.013067877336064355
152,236,178,1,1,6.950550529804531,6.801737922111217,0.0020079499999998696,0.09621850197218317,0.01243291050220794
153,249,180,1,1,6.819353048687029,6.674966005242541,0.0009703500000002308,0.09089875117768104,0.011117050187587213
154,236,178,1,1,6.716005079715826,6.630146504403705,0.0019159499999998886,0.0889376684511045,0.011129534906076917
155,239,180,1,1,7.51638753264295,7.2663896335427385,-0.0007377000000001743,0.11156734969714145,0.013411228273774178
156,243,177,1,1,6.974213742232431,6.69565954038004,0.0008516000000002855,0.10442272338940155,0.014187798632472819
157,241,179,1,1,6.768925089032222,6.646794209666011,0.005600949999999827,0.09477075280376104,0.010581128948594573
158,243,178,1,1,6.611519519583874,6.605950133670187,0.0009961000000000553,0.07504801793563141,0.010498883154456178
159,233,180,1,1,6.980280811714585,6.82879372846997,0.0,0.1075318225392044,0.011766322135248067
160,240,178,1,1,6.919067392766286,6.722561466486036,-0.003699300000000072,0.09521640026692,0.0106138895179889
161,238,170,1,1,6.680898018836896,6.6657413299904595,0.0010003999999996793,0.09763041584279486,0.011985519567969135
162,236,166,1,1,6.719056388625561,6.618046013891913,-0.0036650000000002514,0.08954137527959118,0.011329449408058603
163,242,176,1,1,6.719105003279401,6.527885115741929,0.004704450000000193,0.09137074034766302,0.009977723141098401
164,240,178,1,1,7.246316709325844,6.8911992142552965,0.0009841999999999906,0.11804011400034264,0.014436211315297915
165,235,176,1,1,6.758325580557265,6.605596791309012,0.0009298000000002027,0.08631575611067893,0.009913986477620465
166,233,179,1,1,6.68297426732088,6.581123154468921,-0.004792200000000246,0.0933039128603158,0.010812349443110318
167,235,177,1,1,6.886525968001074,6.713791138329212,-0.0007710499999999954,0.09874785117126107,0.012243229114723557
168,230,176,1,1,6.658995055880606,6.605309458829367,0.0009083500000000022,0.07274169398603741,0.010604455057790438
169,247,177,1,1,6.675146399263716,6.517979811159656,0.0009480000000001709,0.08630272341352488,0.01146740048361304
170,244,176,1,1,6.804825770705134,6.663142254021701,-0.0018501500000001059,0.10309386095689493,0.01198721236650831
171,252,177,1,1,6.725347223546532,6.624319912499673,0.0,0.08004924578179275,0.010017799264493536
172,231,176,1,1,6.935409426705947,6.689150217901242,0.0010704999999999742,0.09507907080227264,0.011600867311496248
173,239,178,1,1,6.963171700654335,6.744436165507284,0.0,0.09018425010995976,0.011601184393047907
174,241,176,1,1,6.7717646283419715,6.638574907671128,-0.002913949999999943,0.10135225760070252,0.012643494520082963
175,246,179,1,1,6.823817298647054,6.630606042997229,0.0,0.09592866046935963,0.010816742104628314
176,238,176,1,1,6.8993561470876,6.764242361598545,-0.0011897000000002933,0.0983359865672973,0.012561049833492108
177,253,179,1,1,6.9929047744800865,6.783500597050396,-0.0010018499999997488,0.11498601743358944,0.010938469123857037
178,235,177,1,1,6.773285977792717,6.599844622609214,-0.0037255499999999664,0.09978143924096065,0.011760259614949203
179,237,175,1,1,6.646944626772223,6.602784800274986,-0.0009484500000001006,0.08244622241948428,0.010735272988461388
180,241,177,1,1,6.6631626642236075,6.511001928856723,0.007663699999999718,0.09479914290128014,0.01254288887910797
181,257,176,1,1,7.041133419773066,6.830107253294987,-0.0009498500000004739,0.12321904925120783,0.013039487908369268
182,252,175,3,1,12.810955843675892,11.387595949583142,0.0,0.24303033130054108,0.047594254446068615
183,241,177,1,1,6.678720192754964,6.571918752275528,0.001987500000000253,0.08283566742916255,0.010900552691052034
184,241,179,1,1,6.993338298305854,6.812716190463121,-0.0009980499999997505,0.11124514803655272,0.013107184392484447
185,243,177,1,1,6.782704863275731,6.591038185509731,-0.0018010000000003856,0.0848255494319822,0.01073152483416718
186,239,175,1,1,6.79071905508636,6.700242699947575,0.0,0.09847848265432678,0.012119741141530005
187,236,175,1,1,6.712995406724318,6.580303913818513,0.001802450000000455,0.08816707825746892,0.010993023412127541
188,243,175,1,1,6.767198547984965,6.646459456484758,-0.0018816000000003719,0.10820478342134433,0.011357072297093151
189,249,175,1,1,6.790414438397235,6.625326529134144,-0.000974699999999995,0.09060900692553901,0.011085901188797981
190,247,178,1,1,6.754991504605808,6.6456769176329,-0.0010285000000003208,0.08096333924566061,0.010317119639740914
191,254,175,1,1,6.8724456612749085,6.594438493821803,0.0,0.09048623043209703,0.011824264274476396
192,245,176,1,1,6.739967373915241,6.6374457340008135,0.0010433499999997764,0.08799692886708659,0.012341109719219185
193,261,178,1,1,6.749285191147372,6.633464696174773,0.0008635500000000462,0.09116728722183023,0.011708298527242445
194,252,176,1,1,6.662718800713241,6.594644261628087,0.0018844000000002303,0.08262069458136505,0.010454975072469484
195,253,179,1,1,6.75905904469785,6.6282811669415445,0.00479845000000001,0.08801770311403273,0.011003644491101049
196,232,177,1,1,6.839009965761809,6.638092320015476,-0.003651599999999977,0.10000897621784044,0.011020855240922939
197,246,178,1,1,6.679859200139795,6.576419681185892,0.005798799999999993,0.09629782542069885,0.011863384241734009
198,247,175,1,1,6.720176933156649,6.5274713191752545,0.0,0.0844345601303925,0.01149424856102702
199,227,175,1,1,6.633254326421172,6.4975627353256105,-0.0008874000000003157,0.07572815199940054,0.010495445193988382
200,239,178,1,1,6.646129593903845,6.55942234991514,0.0,0.09360350223241304,0.011768692915038615
201,245,178,1,1,6.806899640303387,6.620310542362922,-0.0008883500000003153,0.08963733152437497,0.010987705493627707
202,243,174,1,1,6.731521626588155,6.586427556235651,0.004816050000000516,0.07191231563289321,0.01012242026386658
203,236,175,1,1,6.8472181533976055,6.7029435835160855,0.0,0.08061151323794416,0.011678735065500295
204,241,175,1,1,6.930533606084239,6.754682294845699,-0.002028049999999837,0.10975375680261544,0.013258570100942285
205,252,177,1,1,6.7235498874879465,6.637049343376415,-0.0009546500000001679,0.07793886600070862,0.010548570517251625
206,237,174,1,1,6.560164012539024,6.478062391181256,0.0,0.07883874070553874,0.01013064536163833
207,249,175,1,1,6.821575047017528,6.6995379355777995,-0.0017523999999999873,0.10013842497717446,0.011248066996210442
208,236,176,1,1,7.003146103426681,6.773987198697261,0.0009484000000004045,0.09866262247471494,0.011828358279015988
209,236,176,1,1,6.750780811605326,6.624842336160926,0.0019783999999996027,0.0915800570635282,0.011370698445279307
210,243,175,1,1,6.657419376701119,6.537515747679402,0.0018639000000004735,0.08048158122864835,0.009874158390889478
211,248,176,1,1,6.756380485359039,6.581552930339141,0.0010099499999998152,0.09784076193948141,0.012477642951758289
212,250,177,1,1,7.271364310225753,6.963374756110968,-0.0009350500000002704,0.10583439020976905,0.013247338165169441
213,243,177,1,1,6.775821556757921,6.665832181408754,-0.0020532499999998954,0.10773009833732045,0.012686009824099035
214,249,175,1,1,6.770818270296094,6.624249388999341,-0.0010362000000001537,0.1095816129014971,0.013970845840806849
215,232,176,1,1,6.5915520021581635,6.513061458526282,-0.0018691999999997932,0.08434303279492254,0.010294997465551313
216,238,175,1,1,6.724132654960407,6.619248635408835,0.0,0.11160982476552284,0.013816696734588733
217,234,177,1,1,6.613533426981493,6.516684354659205,0.009573899999999469,0.08248427337238358,0.011563231415817523
218,235,174,1,1,6.712689037897947,6.545118927650233,0.0,0.08419645091743043,0.010944251207324443
219,230,175,1,1,6.730417581451789,6.582264802538829,0.0,0.10887439021476583,0.012924392215141503
220,245,176,1,1,6.647880988011355,6.520268501394111,0.0018234000000001416,0.08205200020381197,0.010736800333915664
221,236,177,1,1,6.964426555053757,6.746049388325929,-0.000994699999999682,0.11320834652073739,0.012886834723870316
222,238,176,1,1,7.068020941597773,6.856158652169287,0.0,0.10608273980117333,0.012589695596582188
223,242,176,1,1,6.627400671333817,6.4543454561502385,-0.009662200000000176,0.08314275270775731,0.010788729009964438
224,246,177,1,1,6.8487177775466686,6.688224118429154,0.0,0.09763699488220928,0.011362228118393509
225,235,176,1,1,6.802340926695144,6.678082108307668,0.0009846499999994762,0.08004023242168797,0.010147098913940538
226,235,177,1,1,6.585293469768462,6.518216628044412,-0.003782750000000057,0.06781463238837668,0.009990676934635128
227,249,175,1,1,6.529508935076257,6.448863467500633,-0.0009393500000003385,0.08390533516493137,0.010096356583011003
228,239,175,1,1,6.741929866356195,6.616470676361612,0.0,0.0980200320299417,0.012335367651578133
229,242,175,1,1,6.84229528453516,6.602836555540254,0.003791800000000123,0.10355546882264206,0.013264922684214671
230,237,174,1,1,6.669742218435308,6.4929701319510515,0.0010729000000004874,0.08718814164448391,0.012485905043161905
231,243,176,1,1,6.627871351987654,6.47955928176462,0.0010314000000000156,0.09412273615463167,0.01122566791884473
232,248,173,1,1,6.744708946552379,6.557145786114153,0.0010967000000001725,0.09520936045187575,0.011857862576547293
233,242,173,1,1,6.57722400084722,6.560559674361269,-0.0009698500000001609,0.08097633493023966,0.010557615836709564
234,241,174,1,1,6.62589984027005,6.551770656880164,-0.0010323500000000152,0.08339337588216363,0.011274420614849552
235,243,173,1,1,6.597569548105126,6.496694078929309,0.0009226500000001359,0.07123051414130317,0.009989545092122938
236,245,176,1,1,6.625599253924834,6.513123247119316,0.0008921499999998694,0.08329377382512479,0.011715196378488479
237,232,175,1,1,6.641181537309322,6.568523622629633,0.0019817500000001154,0.0918000828938632,0.012526906791344227
238,238,176,1,1,6.746255730231201,6.617549615592554,0.0009331499999998272,0.09363517076701729,0.011547134753184238
239,230,175,1,1,6.551071211319625,6.41890469043186,0.007650399999999724,0.08795245634650468,0.011467980320053651
240,250,177,1,1,6.618068340501785,6.504074936178201,0.0009112500000001411,0.08075473504983649,0.010406232456738924
241,254,176,1,1,6.601222276397014,6.530599771746221,0.0027232000000001477,0.08493069694116552,0.010062127355680793
242,235,174,1,1,7.259890542079326,7.006067822317194,-0.0017113499999998893,0.09577460723638688,0.012689126377525934
243,240,176,1,1,6.738594854841001,6.5540855633741675,0.0026898500000003267,0.08089989246692134,0.010359269953129637
244,239,175,1,1,6.673996358653053,6.48396626746128,-0.0018696999999998631,0.10234177886056527,0.012618479133049256
245,250,176,1,1,7.432006649899792,7.15255783374516,0.0010209000000003243,0.10017715664059923,0.014964706691446646
246,242,175,1,1,6.786358752439346,6.634470797091883,0.0019874500000001127,0.09424749504862422,0.012756266827134296
247,229,174,1,1,6.699049795968456,6.542259369541908,0.0,0.09527104519519755,0.012048816728660719
248,248,175,1,1,6.726562713881853,6.60787283892983,-0.0019264000000003279,0.11771770966272754,0.013930725257030577
249,238,176,1,1,6.770059499751026,6.587195148401306,0.0009661000000003028,0.10103838580310578,0.012453259090535334
250,249,175,1,1,6.540122123598262,6.410093190990638,-0.0009250499999997608,0.06799995579900478,0.010159779006950715
251,236,174,1,1,6.61361639818121,6.527214923629094,0.002747049999999973,0.10022242711368584,0.01225244260317136
252,244,177,1,1,6.669940218292606,6.553602829687324,-0.0009885000000000588,0.10950545284949013,0.012701581569972501
253,236,175,1,1,6.7624401725067,6.610394354822267,0.0,0.10205759842340441,0.011836452009136378
254,237,176,1,1,6.6909789063406055,6.449023571010926,-0.00288540000000026,0.09270341184030255,0.012015487869312702
255,235,174,1,1,6.64089882940805,6.549860034193412,0.0037565000000006066,0.10984472643061433,0.012419168931516216
256,245,174,1,1,6.840866972884228,6.731629378378178,0.00184059999999997,0.10608664315981756,0.012474894449607329
257,234,172,1,1,6.720833565322918,6.569469013612271,0.0,0.09728224361085688,0.012038022076687629
258,243,173,1,1,6.6939098399397015,6.580045431702921,0.002018450000000449,0.0988802218373789,0.0123792056399255
259,250,173,1,1,6.531279828359861,6.480306700734427,0.0010481000000002183,0.08741194913063621,0.01144760955249888
260,253,174,1,1,6.861814984210891,6.641395064393495,0.0,0.11756644637404454,0.013605318406601502
261,229,172,1,1,6.6544915321744345,6.555428857313126,-0.0019506999999996388,0.09519473991465618,0.011799667788441864
262,244,175,1,1,6.905109361524804,6.671705171809056,0.0010771500000004153,0.12840035040452252,0.015770701554138854
263,241,175,1,1,6.901170137098896,6.598326814204688,0.0,0.11602080080317795,0.012734493177131274
264,232,173,1,1,6.61406460355032,6.48586191843438,0.0009756000000002985,0.11131010033250736,0.013282533811185165
265,238,175,1,1,6.708225352438836,6.447081556294514,0.0,0.09459114325274932,0.011564864860163488
266,233,174,1,1,6.774688478883409,6.595315367143884,0.0,0.11345264495688787,0.01289703435654898
267,243,175,1,1,6.73293291138819,6.611792806308868,0.0,0.09112927049322457,0.011754580447490262
268,239,175,1,1,6.713570811484287,6.542079137106867,0.0008034500000002609,0.10612839164510955,0.012786735669210257
269,240,175,1,1,6.993089522851276,6.827467495325347,0.0,0.15088425557159332,0.016090679332128283
270,236,173,1,1,6.619991130169089,6.491888802927654,-0.003827549999999569,0.11387659499571771,0.01417549865863662
271,243,173,1,1,6.559756572438367,6.457786580840754,-0.0019354999999996458,0.10763725648792993,0.011877410650362434
272,239,175,1,1,6.545371984082968,6.475352198313853,0.0,0.09024982378494886,0.012361145618827743
273,235,173,1,1,6.573235073211933,6.468125092525375,0.0010604999999999087,0.1250817153085548,0.012319613398833987
274,234,175,1,1,6.6172965944173505,6.471593823497983,-0.0028862999999996752,0.10209381588182011,0.013689248055801758
275,237,173,1,1,6.782110755784647,6.632034760741095,0.0,0.09200941581686138,0.011278608844963067
276,248,173,1,1,6.625502622773578,6.5081123011486826,-0.0048698999999996495,0.09606031288826031,0.012201752161558844
277,243,172,1,1,6.523559231812657,6.363632190872385,-0.003922400000000437,0.09115484559229751,0.012775183315376666
278,235,172,3,1,9.072925313380878,8.266769785998907,0.0006579999999996033,0.16736489684979186,0.02733022229093192
279,239,173,1,1,7.138282607780052,6.85952744637839,-0.0017776000000000458,0.13307706311534476,0.016014311185038196
280,229,173,1,1,6.797278684751253,6.505737445523007,0.0009064500000004472,0.10887793033551836,0.012642527535669553
281,236,173,1,1,6.702952741548632,6.454710143139044,0.0027575500000001085,0.0846762124062125,0.011845736331843788
282,235,175,1,1,6.515566074297324,6.41868721451276,0.0009641500000001635,0.07054719765455021,0.009697004477154972
283,242,171,1,1,6.597048712517839,6.404803595827563,0.002696550000000464,0.09708194589513265,0.011947472100821902
284,234,175,1,1,6.532914809034543,6.402383965207315,0.001812049999999843,0.08889494521794748,0.012392806005920094
285,232,174,1,1,6.50563817825134,6.342583717281841,0.0,0.09280197740419859,0.011920066892895672
286,235,174,1,1,6.823712405191777,6.585793719310196,0.0,0.11099317478263684,0.014106912717166457
287,240,174,1,1,6.809622113771489,6.618418366553782,0.00199360000000004,0.11830725904142074,0.013349115356155565
288,226,172,1,1,6.541553696205401,6.511149135660338,-0.0018868499999999955,0.08132685241219435,0.010834875885364326
289,226,174,1,1,6.631061736319735,6.447630868224846,0.002915349999999428,0.09433889982321192,0.010960960639251506
290,237,172,1,1,6.714618772626716,6.508312641844185,0.001919250000000261,0.08615589204232986,0.010521679819356115
291,239,173,1,1,6.6955083173670085,6.4943248944731105,0.0029192000000000107,0.08413484530122964,0.010957676160728052
292,243,173,1,1,6.546470171739951,6.405275822384069,-0.009600600000000181,0.07850377615282307,0.01117833611055647
293,228,172,1,1,6.579191659262418,6.390645029242624,0.0,0.06987452742059064,0.009681222049761812
294,228,174,1,1,6.477700381574838,6.297185316404296,-0.003911000000000442,0.10859401319727549,0.012084851832573625
295,234,173,1,1,6.83147693109321,6.663614142274124,0.0009798999999999225,0.08804256971876741,0.011168312403145746
296,234,174,1,1,6.588336635935457,6.4647767514474985,-0.0038237500000000146,0.09578953213290083,0.012160946159117928
297,228,173,1,1,6.616540940953322,6.425150868222751,0.004067899999999902,0.09594474705023001,0.012084255726133229
298,237,174,1,1,6.630002646744443,6.46622803180539,0.0,0.08205974714597147,0.010520429207361228
299,234,172,1,1,6.660298818246639,6.522812390415582,0.0,0.08945927773208491,0.010872023063047454
300,233,174,1,1,6.513796808301457,6.327552692620192,0.0038604500000003483,0.09757933574965028,0.010688936235824877
301,234,172,1,1,6.584239043492224,6.503636110725578,-0.0009712999999997862,0.10003743225155325,0.01146046332683337
302,245,171,1,1,6.42947431874363,6.328472562539371,0.0038085000000003255,0.08358973660416617,0.009961304500632604
303,233,173,1,1,6.404014512433147,6.333672031692825,0.002881100000000192,0.06534007022758549,0.008379564851027326
304,234,174,1,1,6.56858365662516,6.4512022614251245,0.002812399999999826,0.08909245465721068,0.010881684824151526
305,233,171,1,1,6.56562412366392,6.41166676524352,0.002819049999999823,0.08870119725920553,0.010115096695862066
306,229,173,1,1,6.425888488882018,6.3762161860197235,0.0038762499999998035,0.0799088736649432,0.01018002527982279
307,235,173,1,1,6.4743341466953,6.311588717380978,0.0009460499999995875,0.07865727324140191,0.009144705171881614
308,241,173,1,1,6.730390744596536,6.619936410711587,0.0,0.10014025329515197,0.011970186776406282
309,242,171,1,1,6.691119383528619,6.402572559746645,-0.000983249999999991,0.07470609821459315,0.010885602709467182
310,241,175,1,1,6.4837037473323145,6.361319127697155,0.0,0.07322670510224137,0.010267984948893456
311,248,175,1,1,6.673911428698576,6.524135508916254,0.0,0.08006776983274996,0.011004103193136881
312,239,171,1,1,6.481435050554847,6.364159144764553,0.0019049999999998235,0.06998777615717498,0.009703616804599243
313,232,172,1,1,6.7253078390495205,6.514589751726346,-0.0028839000000000503,0.11238576440565926,0.013780945620817326
314,228,174,1,1,6.605398818358289,6.550645569452603,-0.0011482499999999618,0.10301388575028947,0.011670707548601963
315,231,172,1,1,6.540698141392883,6.46450136821159,-0.004919999999999813,0.08875030926391174,0.011388213046745973
316,241,174,1,1,6.75854658839487,6.64376850482544,-0.0009513000000000993,0.12490547061532567,0.014102501487750914
317,244,173,1,1,6.478220404592473,6.339068531556157,0.002040350000000579,0.09745802929493412,0.012249838469029975
318,232,170,1,1,6.409672339488482,6.310422951390652,0.0,0.11426003078661642,0.013116146735042102
319,221,171,1,1,6.561956550898716,6.4086993094919125,-0.000904550000000448,0.12581470169939463,0.015838062052608327
320,226,171,1,1,6.586829559862796,6.3951668389695655,0.0,0.11977536464265241,0.012813665294132508
321,221,173,2,1,7.328218918296782,7.075094269040502,0.0027065500000000853,0.13077053624324275,0.017031804615333244
322,244,173,1,1,6.59124901906038,6.534724320671577,0.0,0.10964539182242154,0.013622129848632033
323,231,169,1,1,6.488966447427622,6.362666012028016,0.0010814500000000393,0.11199173869007216,0.013200200182489566
324,242,170,1,1,6.574908529199643,6.416397454680525,0.0,0.11169253470201104,0.014088895475925532
325,227,171,1,1,6.526003569521334,6.36903836627965,-0.0009441499999995884,0.08957265858639069,0.012284079941283938
326,244,171,3,1,10.975471024306074,9.532962042781872,0.0,0.22554083595823476,0.04127321662805164
327,228,170,1,1,6.618806144512278,6.46079997094753,0.0,0.10288989240410494,0.013351115975374353
328,228,171,1,1,6.618887003864922,6.47018071539355,-0.0011300999999996897,0.09238347747175378,0.012956861566603315
329,232,171,1,1,6.526718483629253,6.418160256509182,0.0009360499999999661,0.09514464403155948,0.013259679899675232
330,237,170,1,1,6.497112859526632,6.335545588136405,-0.002080899999999719,0.10269059561104077,0.011910805615096285
331,233,171,1,1,6.556231932692809,6.474603903717451,0.0038471500000003545,0.10443103464895774,0.010990090886403297
332,231,171,1,1,6.516253454908309,6.367271775603513,0.0,0.07418912844599371,0.011190783630457212
333,244,171,1,1,6.612567278802226,6.461575859998417,0.0,0.09560435319036485,0.011779795069589438
334,231,173,1,1,6.719792919435351,6.5392896184860145,0.00404500000000052,0.09350688096017944,0.011923464667985672
335,233,171,1,1,6.466087354884559,6.3564173403334845,0.0009355499999998962,0.09041175765312934,0.01211014282650577
336,243,172,1,1,6.522510384192437,6.389621845468367,0.012182749999999576,0.09823513554576352,0.013148809707773962
337,233,172,1,1,6.646984243138203,6.507464103591783,0.0038972500000000743,0.10253074364993615,0.013854654469679786
338,232,173,1,1,6.466590658831526,6.32477185904101,0.00974750000000002,0.07693929660366548,0.011062532336234715
339,234,173,1,1,6.63186975098122,6.4150104796172345,0.001998450000000318,0.08869500884355526,0.01156335434403888
340,233,170,1,1,6.509918374658282,6.233012887512601,0.012862199999999824,0.09492120120184293,0.013303252346794732
341,235,172,1,1,6.4155530512962535,6.319995844304394,-0.00288440000000012,0.09934876286008933,0.011833078647315707
342,232,172,1,1,6.4971515854278445,6.335920987841909,0.007854000000000472,0.11831015880337706,0.013010329480904909
343,236,173,1,1,6.379744478076104,6.28703705275083,0.0010175500000002557,0.08208197937841279,0.011174437951240672
344,232,172,1,1,6.409335257830167,6.22995240440222,0.0019756000000006324,0.0931421536414305,0.010580588631151064
345,235,172,1,1,6.403281797956975,6.270260711763905,-0.0010160999999997422,0.08257698642959518,0.011218406278581668
346,223,172,1,1,6.590610952824538,6.499540334355701,-0.000992300000000057,0.11147667020637324,0.013808048630918153
347,233,171,1,1,6.5716853528570915,6.407608105300043,0.0,0.09560511010747669,0.011567143196370025
348,236,170,1,1,6.468690263982637,6.364977270754429,0.0010166499999999523,0.10448457505493365,0.010984077126390665
349,230,172,1,1,6.590927930614839,6.408793183579547,0.0009861000000004339,0.1043511172963021,0.013317346254001907
350,226,169,1,1,6.537315683668735,6.410108039108197,0.0,0.09756699599620682,0.012002522475844692
351,235,170,1,1,6.436128242044968,6.315364995449473,0.0,0.07633620160413469,0.010275192858282862
352,239,173,1,1,6.436293800742998,6.381969794609101,-0.00391480000000044,0.08276395678459547,0.010873385798455183
353,238,171,1,1,6.66869539809082,6.466143685363781,0.0009517499999995849,0.09126599955794344,0.012760824486629577
354,243,175,1,1,6.687443938042441,6.50886169673598,0.0,0.11957284530198435,0.014359239365030911
355,240,171,1,1,6.566304052040669,6.392826656068215,0.0019535999999997777,0.09776925222973017,0.01359035019036293
356,231,171,1,1,6.468175610298495,6.319551556662493,0.0038194499999999465,0.09172636406852358,0.011686038267839899
357,233,174,1,1,6.518004922068788,6.376796929942116,0.000981349999999992,0.0935838366324275,0.01149410299550651
358,240,174,1,1,6.604807877083738,6.478684428697971,0.0020065499999999403,0.10435027156912113,0.011465251352165197
359,230,175,1,1,6.44989632542916,6.375140621891241,0.0,0.08580033359106981,0.010577057660461964
360,233,172,1,1,6.570014509516863,6.385013728615249,0.001921149999999816,0.09109480958124401,0.011496770852971846
361,224,174,1,1,6.943932598068374,6.735123196020879,0.0016994499999998247,0.09730392325593873,0.012532694754337074
362,236,174,1,1,6.769825135912885,6.582904184941571,0.0010294999999995724,0.09657642414024425,0.01140128977384759
363,235,174,1,1,6.484613034333588,6.383470149438192,0.0009646500000002334,0.09047310594629197,0.012721483556262828
364,244,176,1,1,6.665069186479455,6.4388519226556395,0.0,0.08439533265125378,0.012268516725413675
365,243,176,1,1,6.626129659541275,6.488399015164255,0.0,0.10291682271035377,0.013195454356757869
366,243,177,1,1,6.474006060898487,6.381000921196161,0.0019236000000000253,0.08962124640081319,0.012621415610708463
367,240,176,1,1,6.461678743860679,6.283478920584292,0.0,0.1052049154013558,0.012082724900923708
368,239,174,1,1,6.425859547424528,6.30163987425969,0.0,0.10022932706154603,0.011302716518252588
369,244,173,1,1,6.5339102129665045,6.404074688412363,0.007971799999999973,0.10408184719043191,0.01283432229721553
370,243,173,1,1,6.47980199562035,6.35552682322983,0.0,0.10539070870891375,0.012929375338731522
371,242,173,1,1,6.464673515768945,6.3898515229441415,0.00289774999999981,0.10214701003470984,0.012091468942241109
372,231,173,1,1,6.684902151427362,6.478310045573599,-0.001016599999999812,0.0931528995075988,0.01274337298210062
373,225,173,1,1,6.377697306140394,6.315382291499296,0.0,0.08221576777913163,0.012364275117865146
374,238,172,1,1,6.459675425890463,6.29982843243276,0.0010366500000000833,0.08560570749777181,0.010634079349461922
375,227,172,1,1,6.406146250632876,6.382247778986872,0.00294305000000028,0.07240051060822518,0.010168268369199306
376,238,171,1,1,6.487211694756843,6.352715125540966,-0.0018167500000001446,0.0848752216324009,0.010835997279041918
377,236,171,1,1,6.3552314494901605,6.2579980312525665,-0.0010185499999999514,0.07577867557257012,0.009155534467512388
378,233,172,1,1,6.479824258981399,6.29011369287462,-0.0027919000000000693,0.06960057398502582,0.00936566536081633
379,226,171,1,1,6.39888819225563,6.289418421846227,0.003010749999999618,0.06948339912624138,0.0097828907870413
380,245,174,1,1,6.37159522837616,6.3154093802285045,0.0010003999999996793,0.06974898743806959,0.009462746012085764
381,231,172,1,1,6.59797032318774,6.395193799503048,0.0,0.09573826410230064,0.01136970902840961
382,240,173,1,1,6.629580605796379,6.523444013226215,-0.000940800000000408,0.10704729740199818,0.011866777570959898
383,232,172,1,1,6.335565857545271,6.239803514892866,-0.0009474499999999608,0.07775235994936254,0.009426395306063415
384,240,170,1,1,6.864784149453307,6.7032388005247805,0.0018653500000000989,0.10529025203067502,0.013152739716952157
385,230,174,1,1,6.668915523369428,6.412770191746533,-0.0010519000000002166,0.08960584576215468,0.011776337352549392
386,239,170,1,1,6.5136459053458635,6.302857168122464,0.0,0.09205024635199907,0.012033576214482256
387,225,171,1,1,6.606183377569779,6.492984028958525,-0.0009966000000001252,0.0881473870954523,0.012178083540077184
388,234,173,1,1,6.480607609250882,6.418624606832674,0.0,0.09037016896360389,0.012190515866706442
389,238,174,1,1,6.554067915210251,6.385323063226011,0.0008845000000001768,0.07869756907298042,0.010171094457281895
390,247,174,1,1,6.51251881283217,6.365939851789154,-0.007874000000000159,0.09869107379941744,0.011190848080715417
391,245,175,1,1,6.5087603624806825,6.323738439925295,0.0,0.07380378143885208,0.010218927887338296
392,235,174,1,1,6.534240322452375,6.3919147578340905,-0.00193550000000009,0.09811699317397232,0.011036473650832436
393,245,173,1,1,6.371959632773699,6.260979245123705,-0.0009774999999998535,0.08970797387812907,0.011765534319956293
394,246,172,1,1,6.415457458166067,6.328150967473123,-0.0038122999999998797,0.08406939400121217,0.01130042513145715
395,239,174,1,1,6.4367237121890835,6.393361823874,0.0,0.10111375758644256,0.012819017302465978
396,228,172,1,1,6.610882766240265,6.451495627024139,-0.0010862000000004812,0.0932422527538675,0.01201449622490018
397,238,171,1,1,6.601432878110106,6.412080139723471,-0.00199365000000018,0.10793620822191624,0.013480204191365638
398,237,173,1,1,6.599980125488561,6.3268105430912,0.0,0.10038060122653084,0.011951799509983025
399,222,170,1,1,6.557393738977177,6.416119027162655,0.0009841999999995465,0.10090433326883208,0.013493717499883304
400,232,170,1,1,6.357071108769951,6.293117798330595,-0.0018506499999997317,0.07641255042591688,0.009472273049178722
401,233,173,1,1,6.457337023381717,6.340414639295745,0.001896349999999547,0.0736786200610601,0.010243712262093857
402,240,171,1,1,6.75485173523581,6.586690818532625,-0.0010166499999999523,0.09800491868966049,0.01225693204524833
403,241,172,1,1,6.296042444082278,6.2039978438864445,-0.000942699999999963,0.08667619121059496,0.011212531288909795
404,239,171,1,1,6.459252492913008,6.324296018268322,-0.0019163999999998182,0.08300592148492415,0.010051027511552036
405,228,170,1,1,6.653485831190727,6.50167458197247,-0.0009708499999998565,0.10478265213545751,0.013777631069912548
406,237,170,1,1,6.440359588751052,6.314957579749632,-0.0038938499999998655,0.09370178652799292,0.011584126006486853
407,241,172,1,1,6.3923499702350455,6.324491931400437,0.0009131499999996961,0.07598816806974906,0.009307213507815198
408,226,173,1,1,6.455086145569309,6.341317374139542,-0.0009460500000004757,0.07630194861047909,0.011690559474693434
409,239,174,1,1,6.38532843398912,6.256813103461836,-0.00501394999999949,0.0967469912326525,0.010751269739803743
410,250,174,1,1,6.341628169045027,6.241776341952353,0.0,0.07501155294147417,0.01018883651463836
411,232,171,1,1,6.422388841780092,6.32634941030974,-0.0009546000000000276,0.06759824250733551,0.009975197704255206
412,237,170,1,1,6.354539599879538,6.273584083620062,0.003028899999999446,0.11382231353448675,0.012786138306095093
413,236,170,1,1,6.435384057611509,6.266258061813665,-0.0010199500000003248,0.09926591010221106,0.013441963192192348
414,228,171,1,1,6.397708685620686,6.3110623584409975,0.0,0.07176074189213887,0.010598518388635882
415,252,172,1,1,6.649370111970773,6.422734391307851,0.001122950000000067,0.12203385842906217,0.01468572090967521
416,233,171,1,1,6.432623156626652,6.3108054907257145,0.0038624000000000436,0.07982482021159544,0.010832681148632305
417,245,174,1,1,6.434995064614062,6.3086885037023785,-0.001964099999999913,0.07736898299389201,0.01015648030628524
418,225,173,1,1,6.509738052401774,6.374561879049821,-0.0019178499999998877,0.0807574745942392,0.01002946508364212
419,225,171,1,1,6.53510718747175,6.444618054652569,0.000965099999999719,0.07562022444747397,0.010211745594543293
420,243,174,1,1,6.418263441342239,6.351890604897532,-0.0010366499999996392,0.06560594967334671,0.009174786461359661
421,224,172,1,1,6.382018537917955,6.339523706011778,0.0029559499999995964,0.08969784645381175,0.010284877889151486
422,227,171,1,1,6.481394526763746,6.336964066037941,0.0,0.08564585251871137,0.010799749725480744
423,240,171,1,1,6.6705888285757196,6.546286279644594,-0.0029096499999994307,0.11330667961541778,0.01286710154488215
424,244,173,1,1,6.718975954351805,6.541663521033183,-0.0009074500000001429,0.0846780975945884,0.011973355105969679
425,232,173,1,1,6.965842680147408,6.754915445938334,-0.0010671499999999057,0.08589411728724007,0.011991335345594151
426,234,172,1,1,6.505493966525836,6.3027339001345215,-0.0019631499999999136,0.08658862948079055,0.011107858950802798
427,232,172,1,1,6.552817448830165,6.46402618465051,0.0,0.08365975006486144,0.010670105338892167
428,234,173,1,1,6.503133632786724,6.357463474229258,-0.0009565499999997229,0.0790984844247964,0.009919077266237163
429,239,170,1,1,6.354000325544305,6.288477832692616,-0.004011650000000255,0.10389167055033872,0.010951606085411911
430,231,170,1,1,6.343444345368428,6.250110000342815,-0.0019445500000001559,0.071408707286757,0.009928817384367933
431,225,169,1,1,6.903239446015142,6.6254366204689,-0.0012287999999998078,0.11801542631166867,0.014129366529712167
432,221,171,1,1,6.392554552079095,6.255563059794198,0.0,0.09713162817817979,0.01211216425351427
433,237,170,1,1,6.297803298401294,6.1943217321350925,-0.010010299999999805,0.08726836955299022,0.01045547412806995
434,220,171,1,1,6.555094282524715,6.382921928751908,0.001097650000000172,0.08768708766703469,0.01086560076825748
435,236,173,1,1,6.4496017290360195,6.306050170018286,-0.0009312999999999683,0.06876652061480167,0.009635995597703846
436,229,171,1,1,6.7782983228386495,6.5736715588306875,0.0,0.0928373446669808,0.011808751038627151
437,226,171,1,1,6.4315560098722795,6.26781588229797,0.005989549999999788,0.07692739732605557,0.0105436304288009
438,242,173,1,1,6.430917978900858,6.303582992937935,-0.00204324999999983,0.09433157217852535,0.011545425600767793
439,233,172,1,1,6.331536225004493,6.225438116986943,0.0,0.06964109902668215,0.009261600840850055
440,219,170,1,1,6.82421057586998,6.597801517559395,0.0018177000000001442,0.10534337505635362,0.01286598729426122
441,228,170,1,1,6.3778376105910795,6.273303953543095,-0.0010933999999998,0.08384569637436819,0.011388468255576675
442,231,170,1,1,6.369462407360302,6.230188732380898,-0.0020551499999994505,0.08093624104849481,0.009707933512875236
443,229,171,1,1,6.436359806417304,6.233393210989725,-0.0009474499999999608,0.07025058209596424,0.009996382098815794
444,232,170,1,1,6.341235370786636,6.262231008134833,0.002086699999999997,0.0741960086206893,0.010359340276399611
445,238,171,1,1,6.454597693199588,6.373631826447737,-0.0019545500000002214,0.0886643121841524,0.011246451799550816
446,244,170,1,1,6.3833515669848095,6.299937157594197,0.0,0.06715452386998018,0.00918586032556787
447,238,171,1,1,6.4219281150089085,6.306005259373805,0.0018754500000000007,0.07894819704666495,0.012587793144048636
448,242,172,1,1,6.564867663900479,6.373205977255271,0.0,0.08048762172205039,0.011073788639415404
449,234,174,1,1,6.414522115024878,6.338409172308458,-0.0018373000000000417,0.07536612911218758,0.010489573878979972
450,231,172,1,1,6.3952317484959735,6.277359389372199,0.0009756000000002985,0.09741444867206865,0.012245501703742804
451,228,173,1,1,6.2636242122143475,6.21158503579105,-0.0030031500000005096,0.07338208427010981,0.011122731664490253
452,238,171,1,1,6.494591288149758,6.385048798503677,0.0,0.07615532191237769,0.01076142184853747
453,243,172,1,1,6.553313730773585,6.333708764107813,-0.001095750000000173,0.08856674895385912,0.011405379442720133
454,235,171,1,1,6.3969271836439585,6.257741909525655,-0.0019493499999998498,0.0799586442000586,0.010360969554869879
455,221,169,1,1,6.539683236483071,6.388380593653222,0.0028815500000001215,0.09340823481820018,0.010805154357049127
456,232,171,3,1,7.9430798356926555,7.351777466635221,0.0,0.15163340828176036,0.02300512248461152
457,234,171,1,1,6.388133965889061,6.27444666905458,-0.0010333000000000148,0.07323093086151408,0.011054127311526886
458,225,169,1,1,6.365522184133322,6.221069228905158,-0.0010289999999999466,0.0775352191266504,0.009922028975811003
459,245,171,1,1,6.301255704525675,6.22772913061221,0.0018806500000003723,0.07242247600533198,0.009722022440260979
460,237,170,1,1,6.552405716110745,6.369208589733386,0.0,0.08709612182945567,0.01151848953348359
461,225,169,1,1,6.411849969226582,6.294971992972913,-0.003991549999999844,0.09293923215041715,0.012258790100080326
462,235,170,1,1,6.475224537789304,6.3066991081236266,0.003936749999999822,0.08092214248864368,0.010780560527578654
463,235,172,1,1,6.5609750158610245,6.457192276845623,0.0010628499999998375,0.0791448379705613,0.011386049619740433
464,241,170,1,1,6.660725949201714,6.547518105020325,-0.003923399999999688,0.08975155771543387,0.011371068743619175
465,230,171,1,1,6.286745229973353,6.236181592557961,0.00502104999999986,0.09015986097819338,0.011475575362117163
466,242,169,1,1,6.284015342464293,6.195828641554468,0.0,0.08540223934224667,0.011289620859607986
467,242,172,1,1,6.55218454825857,6.30503901413015,0.001086699999999663,0.09666936352933796,0.012247098418701549
468,232,172,1,1,6.368478619315576,6.2228715851496474,0.0010566999999999105,0.0656432612635125,0.009950678993216408
469,235,170,1,1,6.337782490062482,6.219756030642442,0.0010185000000002553,0.07817216515449814,0.010603802033755029
470,234,172,1,1,6.34473164850314,6.234291987377876,-0.0009966000000005693,0.07726013998531711,0.009906174008071759
471,225,172,1,1,6.338427904958282,6.201905903926172,0.008044249999999753,0.07956626934317439,0.0114736080850525
472,229,168,1,1,6.3572962594302656,6.203007192845403,-0.0010156499999998125,0.07501615193206637,0.010544698427660128
473,245,172,1,1,6.56036729623513,6.363163347090736,0.000793899999999681,0.0996947707653472,0.012094693281108782
474,242,169,1,1,6.37313341346647,6.212718940974143,0.0009197999999996931,0.07522356708103546,0.009988475861217504
475,229,171,1,1,6.492003251551706,6.378446803653608,0.0010133000000003278,0.08334833587906727,0.012195580460928722
476,228,172,1,1,6.347769045278882,6.305090550800713,0.0,0.10838473794203965,0.012607817113185293
477,238,171,1,1,6.429299518834909,6.269749789771133,-0.0038399500000005915,0.07966984265207845,0.010773464753586823
478,227,172,1,1,6.503303935478373,6.307878252796212,0.013089650000000397,0.12109709216569578,0.013761647341509937
479,244,169,1,1,6.686466409939335,6.507426725702287,0.0,0.11536825485707053,0.01447479778922012
480,229,171,1,1,6.368966189186532,6.277615234662146,0.0029234999999996347,0.10451750201478109,0.01174326486120379
481,233,171,3,1,7.524333741309851,7.18430226059647,0.0008148999999999518,0.12926042520598285,0.01768169834281618
482,224,170,2,1,7.4278051530012705,7.09811997550026,-0.0008378000000002217,0.1321620087749663,0.02093193721182594
483,228,171,1,1,6.475831931643491,6.304047646447219,-0.00094934999999996,0.08541150890857428,0.011205211186622564
484,235,168,1,1,6.34419131477196,6.243203919444173,0.002952599999999972,0.06821841983729743,0.010059245081674542
485,238,170,1,1,6.430969809257258,6.309642412627412,-0.00097659999999955,0.0941330239079926,0.010651795306762012
486,231,171,1,1,6.321566556007672,6.200945955405848,0.002918750000000525,0.08391165799402009,0.011295628531825622
487,231,169,1,1,6.436463699923264,6.3021276069305125,-0.0009383999999998949,0.08660796564826341,0.010938635758813946
488,227,170,1,1,6.338898882563927,6.264718709279787,0.0009813000000002958,0.06737141763942595,0.010277413968227633
489,231,171,1,1,6.3528726744812705,6.2218786232533,0.003053199999999645,0.09519970266417928,0.011213412539323885
490,223,169,1,1,6.355612902222633,6.225289240954769,0.0018334499999999032,0.08960184467387676,0.011754192078356427
491,222,168,1,1,6.367768724708991,6.203601852470841,0.005066399999999582,0.09325247580653498,0.010887863988080851
492,232,168,1,1,6.57802912296385,6.355196680795412,-0.0010047000000001916,0.08657634693289303,0.0103868419615576
493,225,169,1,1,6.8911558737408045,6.621868447439619,-0.0017966999999998734,0.10473562081484182,0.013150078045370276
494,225,170,1,1,6.175919238399256,6.1389683875146694,-0.003033149999999818,0.06993432392576006,0.010046779252357738
495,219,169,1,1,6.306344970919255,6.19208221047551,0.0,0.08380212942285628,0.010491600960589702
496,233,169,1,1,6.212714624568935,6.16086947534985,0.0,0.08559863628792679,0.010830590586558827
497,223,168,1,1,6.466245871955734,6.274442604716886,-0.000996549999999985,0.07602748782601071,0.011535634050580345
498,232,168,1,1,6.375626793299948,6.253236687082073,0.003084650000000355,0.08205193993148345,0.010033428912862782
499,225,169,1,1,6.4365738769169525,6.339407571952452,-0.0010175500000002557,0.08377808932091958,0.01153241505995578
500,230,167,1,1,7.106789950300044,6.695787345463172,0.0010432999999996362,0.09144303033574966,0.013254926257914908
501,236,168,1,1,6.3998195798617,6.244716935097686,-0.00394249999999996,0.08705200063873526,0.012163726323117007
502,224,169,1,1,6.416727026043622,6.2514364758376235,0.0010023499999998187,0.0707723292919364,0.009790247755685332
503,227,172,1,1,6.377451761445287,6.222581002384734,0.0,0.08177073408773514,0.011623359523397688
504,233,170,1,1,6.260971537542728,6.186162926912995,-0.0009961000000000553,0.07056053544837089,0.010704928482546896
505,237,170,1,1,6.4115714493704745,6.211626461941563,0.0,0.07818066447936027,0.01127941443637558
506,236,173,1,1,6.372038785872281,6.290873454143724,0.0,0.08736881857922861,0.011025282045743014
507,231,173,1,1,6.560883734301863,6.462531341306985,0.0,0.10157087304562382,0.01190664473865475
508,231,173,1,1,6.438444422730942,6.262673695264957,-0.0038448000000004257,0.10347289500849158,0.011951706469604183
509,227,172,1,1,6.5752190306366,6.338085387430756,0.0,0.08459012719126396,0.011665283394668947
510,235,172,1,1,6.373925486650706,6.206699151273957,0.0,0.08928197301832869,0.011119746762910346
511,239,171,1,1,6.425112641599951,6.351926483176246,0.0020260500000004456,0.10232838077967406,0.012922608939634614
512,227,171,1,1,6.387429027868605,6.275362759735268,0.0010366500000000833,0.07879566975667877,0.009810141019224802
513,217,169,1,1,6.442233001132827,6.257082680450729,0.0,0.08366438034798922,0.01097443096325001
514,232,169,1,1,6.232328208478286,6.173520672831591,0.0010466499999997048,0.07803886112285056,0.010366501689805746
515,225,167,1,1,6.22821228580081,6.177302046667474,0.0018953999999999915,0.07343609325870547,0.010164475818384254
516,230,165,2,1,7.713702253580811,7.131750487385476,-0.0007934500000001954,0.10600626939902691,0.015623995478049615
517,227,163,1,1,6.0849922851717935,6.008360270647417,0.0,0.07041404080731518,0.008552475853487767
518,210,160,1,1,6.265312758992767,6.113826060114935,0.0,0.07114079230411867,0.00927291764370274
519,205,157,1,1,6.080069425324611,6.030540255654919,-0.0021209500000001213,0.061733781219339146,0.008492288934784499
520,224,162,1,1,6.391857775919781,6.228815570225041,0.0,0.07426815827225469,0.010491633194035357
521,218,160,1,1,6.0534709000364835,5.95912887236979,0.0010462000000002192,0.06816699039539377,0.009142893622091235
522,226,166,1,1,6.331181656891088,6.117873827236323,0.00924114999999981,0.09448528961696039,0.009881107734644982
523,223,165,1,1,6.109722369287246,6.034530681943409,0.004081249999999592,0.07864419473014321,0.00994415509863396
524,226,165,1,1,6.200859312668529,6.101672093766056,0.0010109000000002588,0.06625760113218923,0.009450294954135454
525,235,168,1,1,6.284841224305161,6.146885558682966,0.0020851999999997872,0.09727396750345632,0.011191664387867735
526,217,168,1,1,6.232460264395055,6.162653202610208,0.0,0.08336367597792298,0.009307668817909025
527,213,167,1,1,6.317994557592087,6.178709054421962,0.003967750000000159,0.07629992073325567,0.01001688480762126
528,218,167,1,1,6.242632408818999,6.161716288486916,-0.0020194000000000045,0.0938850341097505,0.010605325207699407
529,219,164,1,1,6.667179614565201,6.389554835116732,0.0,0.08541454146345046,0.011552480759941773
530,218,166,1,1,6.270217157147563,6.130011957942541,-0.002974000000000032,0.0941097714649368,0.01042356620006804
531,218,167,1,1,6.276139929375037,6.13989568138655,-0.004016399999999809,0.0949701518512346,0.01196391170860932
532,233,168,1,1,6.399554553809789,6.219729790020136,-0.000902149999999935,0.10018645081903502,0.010049542952515991
533,227,169,1,1,6.160803217805276,6.072977488296425,0.0010609499999998384,0.06032167552218039,0.009216176047687225
534,229,168,1,1,6.236134218801878,6.072609831402498,0.001046199999999775,0.06638626887239243,0.008996835999745068
535,230,166,1,1,6.18101918993941,6.074974860309139,0.0,0.06140147958957758,0.009092699151787956
536,237,167,1,1,6.302524659651606,6.114268604903977,-0.0009885000000000588,0.0833360318936127,0.009552862698730819
537,238,166,1,1,6.359690586497909,6.112929091552896,0.0,0.08617246630899579,0.011021322367421559
538,231,169,1,1,6.175212481050254,6.099723183645986,0.0029415999999997666,0.0812523777587659,0.010474780533631302
539,224,165,1,1,7.297304573710051,6.8895344555260625,0.0,0.09282218775699176,0.01594911008837011
540,229,165,1,1,6.09999139271265,6.010736017814574,0.0,0.06182148209099182,0.008963533189999179
541,220,165,1,1,6.173210190050108,6.129184139338973,0.0,0.05755520137492717,0.008523635941916546
542,228,164,1,1,6.2150931381258525,6.151025251173101,-0.0019474499999998507,0.08198296876327249,0.011098442950611088
543,209,165,1,1,6.289421871454545,6.142104238260251,0.0009245999999998311,0.10590275873366627,0.011381402734950238
544,221,165,1,1,6.134640950586455,6.086269182553328,0.0,0.09395285940782695,0.01094593376038885
545,227,166,1,1,6.507388164630093,6.3421420726199385,0.0018386999999995268,0.08616204828936837,0.01192778972076384
546,228,166,1,1,6.078869282678683,6.015562747500982,-0.004059349999999462,0.07052083885712102,0.009489381109620457
547,233,167,1,1,6.235506205357048,6.079653516758221,0.0,0.0799361476000723,0.010694214655867593
548,229,166,1,1,6.107155920703605,6.0385986387159125,0.0,0.0752387313666935,0.01005089164778124
549,229,167,1,1,6.108039186408034,6.039695614654943,-0.000983249999999991,0.08414612651949631,0.009954588858606622
550,223,165,1,1,6.269821083639753,6.125383274645918,0.0,0.0801410217535598,0.010502953769914784
551,237,164,1,1,6.176657883366797,6.067341964346726,0.0010175500000002557,0.08908278786490365,0.01080325327467137
552,226,166,1,1,6.198708139160939,6.093271501558723,-0.0009527500000001687,0.08278658988255405,0.011028213772863607
553,216,164,1,1,6.114412290157737,5.989538950772916,-0.0010471000000000785,0.06609868215544368,0.009234224689749259
554,230,164,1,1,6.171864717193891,6.02501580302572,-0.002034699999999834,0.08114007076533954,0.010819801604394717
555,214,165,1,1,6.466798209318162,6.1937612193239175,0.0018095999999996337,0.07522984708256159,0.010365438384803236
556,225,165,1,1,6.171652068960068,6.108673909784144,0.0,0.06722595621852213,0.009127499534770715
557,229,163,1,1,6.247235653236766,6.127536909216345,0.0,0.08829235157538379,0.011491625742378902
558,227,164,1,1,6.113671839965592,6.01245350014989,0.002106700000000128,0.0793268201726361,0.009867395584136303
559,228,164,1,1,6.132549017522082,6.04927304171385,0.0009803999999995483,0.08700985474971082,0.01092031018743249
560,224,165,1,1,6.168203917769187,6.037582623007305,0.0,0.07415526500272678,0.010263240012680893
561,225,167,1,1,6.161624760893808,6.0429839753276084,0.0012211500000001152,0.08715445948374839,0.011357392514527885
562,231,165,1,1,6.086864784054269,6.054955771297886,-0.005182749999999903,0.07987137627994449,0.009671092080196682
563,222,166,1,1,6.342660656808757,6.159254232560148,0.000945100000000032,0.09996360663680764,0.010697573953942682
564,219,165,1,1,6.163684010928263,6.064410696724069,-0.0010590500000002834,0.06584719294038334,0.010724469894513713
565,225,164,1,1,6.598144840337843,6.4306281342998615,0.0021071500000005017,0.10793721183401074,0.013035407039744035
566,233,166,1,1,6.090257578033288,6.040673009566154,-0.0040893000000004065,0.08410246981939044,0.009979954063405442
567,239,164,1,1,6.440685387099674,6.328929850071425,0.0,0.09587698475858261,0.010751217232336789
568,219,164,1,1,6.12154133756003,5.9932819297624125,-0.0010385499999996384,0.07873950766396752,0.01136479181042817
569,226,166,1,1,6.161225356747952,5.995269928188818,-0.008458150000000053,0.09441253752168305,0.011787783565220545
570,208,164,1,1,6.17749274714313,6.0763821295937035,0.001044299999999776,0.08426571979759351,0.01409374132121314
571,222,165,1,1,6.376154166846565,6.199746556402779,-0.0012902999999999665,0.07555717998718588,0.010314739741675169
572,221,164,1,1,6.212057591816211,6.105568956910209,0.0,0.08590093304261345,0.010040759683091404
573,230,166,1,1,6.100397351497663,5.9912723669826295,0.001026150000000392,0.08080229341386791,0.010307483157738708
574,226,165,1,1,6.3171108382425745,6.187108374474751,-0.0029993500000005113,0.09178468685999104,0.012166500809411987
575,213,164,1,1,6.26254046157869,6.122106711559052,0.0,0.09916094511824063,0.01096646847667424
576,213,164,1,1,6.119539444086687,5.981963056760802,0.013570700000000269,0.09225058004671816,0.011860741807187743
577,214,163,1,1,5.938777889478297,5.847667029154899,-0.0011052999999998647,0.06901981674545365,0.009428553881736844
578,221,166,1,1,6.1945792072997445,6.095686519315972,0.0011758999999997855,0.08005919165241941,0.010310493149560278
579,222,166,1,1,6.063863743869279,5.965046888634699,0.0011076999999999337,0.08428747833596888,0.009408307266401785
580,216,166,1,1,6.111005730616769,5.943215182174969,0.0021010000000001305,0.0832498412188979,0.00932121417731973
581,215,165,1,1,6.066133618652705,5.955730859540799,-0.006295150000000138,0.07975536978696897,0.010000944720453802
582,223,165,1,1,6.114202259920523,5.908520693683542,-0.0010762500000001118,0.08083623726127569,0.009617614879388817
583,218,162,1,1,6.0337425263339695,5.953170944176344,0.0,0.08592327698059614,0.010346420739214882
584,212,165,1,1,6.174284628469477,6.0287164908535225,0.0009670000000001622,0.07674196117203907,0.010688242751803377
585,231,163,1,1,6.082831856309272,5.951232159506558,0.011628149999999948,0.09400680309791433,0.012094280393424564
586,218,162,2,1,6.462693848725226,6.194844178362624,0.001089100000000176,0.08572196911929125,0.011865205945975305
587,229,164,1,1,6.2175519861945485,6.084362301361738,0.002950199999999903,0.07959485782765192,0.01092200391857552
588,227,164,1,1,6.148156775498169,6.017847016077765,-0.0010052000000002614,0.09317776881176162,0.011243210436039219
589,214,164,1,1,6.1764750911522714,6.050949749394815,0.0,0.0795973822587537,0.010523018945749982
590,216,164,1,1,6.068001283382607,5.965183200574037,0.0,0.07518872351583503,0.009644267543020758
591,222,167,1,1,6.160954517983152,5.979135101837993,0.0,0.061639710912897494,0.009236767713236525
592,231,164,1,1,6.146745290488948,6.017328056446233,-0.00218295000000035,0.07652447365969414,0.009593287083500171
593,227,164,1,1,6.052559066997125,5.9773124168657645,0.004122249999999994,0.07595685387656792,0.01003391157934981
594,220,166,1,1,6.042192015811446,5.976908864926846,-0.001100550000000311,0.06764979445617444,0.009442113340624407
595,227,165,1,1,6.325713355441065,6.129882831321171,-0.0009670499999998583,0.07822777325924947,0.010391245142573741
596,230,164,1,1,5.965615627465853,5.902975557702673,-0.0010795500000000402,0.0700769786036337,0.00935922047911771
597,220,162,1,1,6.007416724370024,5.908635981719049,0.0010142000000001872,0.08042944247882211,0.010332960191508284
598,222,164,1,1,6.053630867544355,5.9302644425078235,0.0010571499999998402,0.06934223482402253,0.009869447665990174
599,219,163,1,1,5.969119611130363,5.851327001274149,0.0,0.08079620257925836,0.01022399076288819
600,213,164,1,1,5.926959766040009,5.810032042026194,0.0010333000000000148,0.062457443006498005,0.009398815062838729
601,226,164,1,1,5.975671435447311,5.902454346210908,0.0020533000000000357,0.06122970070397763,0.008482170480323575
602,220,163,1,1,5.965423123021737,5.918323279149556,0.0021362000000002546,0.06412951916666,0.008518547159259982
603,216,161,1,1,5.962555220567995,5.896794184622317,-0.0010919499999997306,0.0641879699840848,0.008722099908184669
604,229,162,1,1,6.079938460710497,5.937363266275805,0.0010585999999994655,0.08017687504813886,0.01075065357663362
605,218,164,1,1,6.1222680038809125,6.005549956079092,-0.0020718500000000972,0.0994348811006643,0.011801804454341768
606,214,162,1,1,5.962152068154289,5.891289468173507,-0.001072849999999903,0.07687277158429244,0.010714018986678944
607,229,164,1,1,6.208797646792797,6.171581502546984,0.0021514499999999437,0.08695529052338194,0.010649041536646186
608,222,162,1,1,5.919083739175386,5.8369949826286,0.005329599999999601,0.06547750212350188,0.009204369439735603
609,225,161,1,1,5.984863288456275,5.906031709038288,0.0,0.06821761359196041,0.009098418688033344
610,216,163,1,1,5.914158701974506,5.831126532493332,0.006482599999999561,0.07225078261478671,0.009708816109147677
611,227,164,1,1,5.847036238379228,5.7733550968596345,-0.0020894999999994113,0.05823252923726863,0.008542328456586205
612,210,162,1,1,6.104390264115163,5.942652145135559,0.0,0.08265828438459949,0.0098540111161047
613,207,163,1,1,5.991128950845001,5.87179139824872,-0.0010704999999999742,0.06616426204127736,0.009245238056053333
614,222,162,1,1,5.969073976010316,5.885569354377692,0.0,0.08023976944509513,0.01037198316231203
615,213,162,1,1,6.066103386284478,5.9351175268996075,0.0009188500000001376,0.083365223791087,0.011805451235302277
616,205,163,1,1,5.966902402959296,5.905334275372094,0.0,0.09085193579471067,0.011431130633534885
617,223,162,1,1,6.065445480782407,5.953282805860721,0.0011558499999999583,0.09041570106052531,0.011005329703858358
618,229,162,1,1,6.0092385640942965,5.924323224406223,-0.0011396500000002696,0.07444247733321933,0.011478117436409613
619,226,164,1,1,6.12732610025699,5.91094811537347,-0.0009755999999998544,0.06556669318673564,0.00978145940398201
620,221,162,1,1,6.01302436204391,5.903817294120661,-0.0010862500000001774,0.07080962020290354,0.010220883131363833
621,220,163,1,1,5.863512870878785,5.825973498417753,0.007409100000000279,0.0744613747543761,0.009279511616497376
622,224,163,1,1,5.871741386269145,5.785264350997269,-0.0010290499999996428,0.06628179111748318,0.009308124676522202
623,214,162,1,1,6.0155603680313625,5.899888651214643,0.0010052000000002614,0.08530962090848604,0.01077296468007404
624,223,161,1,1,5.908990787719439,5.846006962065359,-0.0010871499999995926,0.0769166839970981,0.009159991439540034
625,220,161,1,1,5.844543997772428,5.749166750729428,-0.0011548999999995146,0.07357825075897302,0.010162799644869007
626,220,161,1,1,5.9565175816184635,5.807645376466802,-0.0020828499999998584,0.07820456623240571,0.009345162165192966
627,224,163,1,1,5.93413423067795,5.8923290612187875,0.001147749999999892,0.07892487429214044,0.010313068941993474
628,215,160,1,1,6.000935882389654,5.866990291317704,-0.0020828499999998584,0.08425549727903134,0.00957163752346417
629,212,162,1,1,5.945362144911018,5.798624120814452,0.0010137499999998134,0.0685591825971924,0.010449747424983502
630,214,160,1,1,5.92127580323563,5.858527202322985,-0.0011806499999997833,0.08516479107467469,0.009809442073275257
631,213,163,1,1,5.894751107445034,5.803690913178395,0.0,0.07706794263860496,0.009563413581941899
632,222,162,1,1,5.851779565801998,5.843459035050816,0.0010886000000001061,0.06020148500837448,0.008244193758675605
633,214,161,1,1,5.844213477630436,5.723870190669328,0.001113900000000001,0.06823034163771773,0.008706296338599843
634,220,162,1,1,5.774708808364422,5.710530303551778,0.0053858999999998325,0.07592168503903769,0.009138644714598004
635,212,163,1,1,6.040366338607781,5.85198452697682,-0.0010342999999997105,0.07786467363331104,0.009511464785106257
636,208,160,1,1,6.030471724742693,5.80884386952103,-0.0010399500000000117,0.07608021701571603,0.009619004408265366
637,227,162,1,1,5.83440227931643,5.731521320430138,0.001133900000000132,0.05714660873614471,0.008353780841111297
638,219,159,1,1,5.890515602713863,5.798371892154707,0.0,0.0806341679505476,0.010334485086414831
639,226,161,1,1,5.913517075625772,5.808786039750679,-0.0011563500000004723,0.08129261276866989,0.009335883437708933
640,237,160,1,1,5.786241375705249,5.722534531015454,-0.0010910000000001752,0.06973749980983032,0.009062007011927508
641,206,160,1,1,5.863938709887732,5.819798229751543,0.0,0.09684484668233351,0.010434629522496863
642,212,161,1,1,5.955635801959982,5.8706997548583955,-0.0022010500000000377,0.0836130093919927,0.00917962574569747
643,209,159,1,1,5.656872226794631,5.639241857117822,-0.0011010000000002407,0.06944372335839759,0.009212923211618955
644,216,162,1,1,5.786042228999195,5.715438415256491,0.004324900000000298,0.07461749583628935,0.009440482787132203
645,220,161,1,1,5.830620098371072,5.786313298706853,-0.0010089500000001195,0.05979792058386392,0.00814404114404972
646,220,159,1,1,5.855943606763381,5.784886795465777,0.0022167999999997967,0.05911550436722831,0.008455705392223109
647,225,160,2,1,6.613759106396337,6.2870960888003875,0.0011763500000001592,0.09742371910351375,0.015563021714969861
648,212,160,1,1,5.946119707069114,5.812949260062364,-0.0009879999999999889,0.07357985990122398,0.01028425062634361
649,209,160,1,1,5.822324799014105,5.693670937968587,-0.011049749999999747,0.07674180185916411,0.009764491977834662
650,216,160,1,1,5.766868554938286,5.716916627174923,0.0,0.07678989350197876,0.008410677804381317
651,220,159,1,1,5.774899898771431,5.694433394583124,-0.0010828999999996647,0.06217796568089378,0.008509673932708533
652,220,160,1,1,5.703890602411192,5.6406617445568585,-0.0022063499999998015,0.061444506519329256,0.007881196403498983
653,224,161,1,1,5.855105386242487,5.694427801424162,0.0020193999999995604,0.0723383412723672,0.00984965816742224
654,233,161,1,1,5.910354064987665,5.767756351728326,0.0,0.0760570337160708,0.009225498926646753
655,218,160,1,1,5.779488530938457,5.705957328587751,0.0023098000000003616,0.07220829485516603,0.009351542590663479
656,215,159,1,1,5.715929524201891,5.64811317258264,-0.013388200000000516,0.10390421900624779,0.011087812569841558
657,219,159,1,1,5.866034942938423,5.70816190832139,0.0,0.07963652442206712,0.01017945495539344
658,217,158,1,1,5.922221381895572,5.801398493135973,0.0,0.08874561861161198,0.010584112380126178
659,214,160,1,1,5.701956563132822,5.660632850295504,-0.0011596499999999565,0.0712126830697762,0.00947599910094659
660,213,158,1,1,5.755778145929513,5.693575542672432,0.001019500000000395,0.06713740446270011,0.008770102306539046
661,224,160,1,1,5.863549550001746,5.673007510719641,0.0,0.08325038451181,0.010267314973647579
662,220,159,1,1,5.7844102452770985,5.695161591528181,0.0,0.07032201561353031,0.009191103523758225
663,217,160,1,1,5.7164790686611315,5.594671788334882,0.004425549999999667,0.09400525196140073,0.009685715511688734
664,214,160,1,1,5.682621844913403,5.570602165310902,0.0,0.0701901374387112,0.009474175251367884
665,201,160,1,1,5.824482769885151,5.689426016843654,0.0011201000000000683,0.06953221215564892,0.009618738237228554
666,219,158,1,1,5.935334594732554,5.800944432452844,0.0011654000000000941,0.08556580116667184,0.010797595890069314
667,205,159,1,1,5.797406146924422,5.615902603764148,-0.0043349499999996155,0.0794108443698293,0.010213260573147953
668,219,160,1,1,5.892086972341587,5.7403659036727435,0.0010638499999999773,0.08921618182531144,0.011711143982647798
669,222,157,2,1,5.809278730442546,5.675291349848587,0.002115250000000124,0.10140722285671785,0.013034591526038678
670,215,157,1,1,5.7036456001899944,5.585849354738038,0.002269699999999819,0.07131704936100358,0.009939599193931052
671,214,160,1,1,5.678448788158093,5.627261115007383,-0.002222500000000238,0.07809035152744542,0.009396353154062814
672,218,157,1,1,5.721475257426062,5.625485120868532,0.0011806500000002274,0.06646374629727071,0.008652395846295628
673,216,157,1,1,5.65497268858795,5.62722043547605,0.0,0.06161525865466145,0.00869892560336211
674,218,157,1,1,5.774247709812124,5.63310147388873,0.001113900000000001,0.06268110378536418,0.008961628301147927
675,227,160,1,1,5.805213343525928,5.620772908194295,0.0,0.07919305917357188,0.010212311397272331
676,218,158,1,1,5.773463185510831,5.668091520033688,0.002083300000000232,0.0750690242821155,0.010179703721444716
677,206,159,1,1,5.777825152937929,5.653503617846989,-0.001149649999999891,0.07899081612425427,0.00990063030673967
678,211,157,1,1,5.830654312520577,5.664748159809276,-0.001174449999999716,0.08392298535069638,0.010059576017356488
679,202,157,1,1,5.839995213681682,5.659735465226344,0.0,0.07572833756123959,0.008408212633313579
680,217,157,1,1,5.597367802879109,5.493750311895011,-0.006791599999999676,0.08380698719260202,0.010066004706282246
681,207,157,1,1,5.622371903073821,5.575211990818963,0.004317299999999857,0.0768374041647421,0.009487992604513546
682,217,157,1,1,5.738453798448997,5.649247632255622,0.003288300000000355,0.06694006471894695,0.00857244735684904
683,209,156,1,1,5.640138496038249,5.583537187585525,0.0,0.0753290924296092,0.008508082256169973
684,225,158,1,1,5.770920121613693,5.649307956535223,-0.0032901500000002137,0.07565703287956528,0.009027170431381296
685,221,157,1,1,5.690489711289294,5.601444302962423,0.0,0.07407315103427256,0.010242599541557871
686,210,158,1,1,5.711978091352065,5.628896812938339,-0.0023097999999999175,0.0752650153832397,0.009692493376739622
687,217,158,1,1,5.678818906420906,5.5342908679926985,-0.001100049999999797,0.06615220305406898,0.008789273323082299
688,211,159,1,1,5.707487465119425,5.54747980595587,0.0010185000000002553,0.05714929990484489,0.00769781028139185
689,197,156,1,1,5.739401183643466,5.568535319268932,-0.0020479999999998277,0.0685290752277304,0.009669813272285423
690,215,156,1,1,5.545815971748504,5.493160620451738,0.0010519000000002166,0.05527464595103953,0.007261485553124319
691,231,156,1,1,5.7447570062694595,5.590594018187154,-0.0010886499999998023,0.07763853924309222,0.010205070002364834
692,218,155,1,1,5.538966956235685,5.452537325265221,0.0022325499999995557,0.06447895003053489,0.00825797871813826
693,210,155,1,1,5.6147322982024725,5.508363940269876,-0.0012683499999996961,0.06530715985627834,0.008202305608435798
694,208,156,1,1,5.563894104246593,5.508052443532321,-0.002249699999999688,0.06268322862591116,0.008852610694414433
695,199,155,1,1,5.541938877411031,5.45568224343971,-0.0021686500000002162,0.05856494542003367,0.008193551869609121
696,202,155,1,1,5.59256761726761,5.4889450140081735,-0.0020909499999994807,0.06851662663436263,0.008506427702349531
697,200,156,1,1,6.18192655692793,5.967351306882735,0.0,0.08090887362784448,0.010601967464359908
698,212,156,1,1,5.582976573347105,5.493820406684843,-0.0011667999999995793,0.07096937109425577,0.009338879223898708
699,210,156,1,1,5.420611062736164,5.337812934385561,-0.011525150000000206,0.06294588306405736,0.008948656311565125
700,203,157,1,1,5.586441141679041,5.476069029998518,0.003406999999999716,0.07314774110808622,0.009483903672066581
701,214,154,1,1,5.548035004265171,5.454700141215299,0.002261649999999893,0.05852918693391736,0.007827183712047983
702,221,155,1,1,5.582080168124187,5.503634801387485,-0.0012145000000001183,0.05585939359365726,0.007294110220261731
703,214,156,1,1,5.61002372075928,5.503668810907364,0.003390800000000027,0.0714108078124916,0.008830801650117497
704,216,155,1,1,5.565872228196345,5.426048442677853,0.0,0.06752587373558479,0.008798036594022464
705,214,156,1,1,5.470545873921076,5.403693903119651,0.0024041999999999675,0.05994433443896929,0.008601853102002673
706,199,153,1,1,5.546162498597388,5.46938965974026,-0.0011797000000002278,0.07855941778524361,0.009669401631491764
707,203,155,1,1,5.536843200386855,5.479212658532749,0.0,0.07215413600169163,0.00917333314746201
708,200,155,1,1,5.4508594015627505,5.370463080967804,0.002310249999999847,0.0646736972005325,0.008033568058999293
709,210,154,1,1,5.427744295138985,5.411209374112717,-0.0010867500000002472,0.0527717967241574,0.0074483349443381615
710,216,153,1,1,5.836157336387391,5.5411148146820235,0.002175300000000213,0.07520385005012012,0.01081249963955521
711,220,154,1,1,5.661017789435272,5.490098837335042,0.0011086499999999333,0.05543553899168233,0.007815647815391782
712,214,153,1,1,5.492429419639098,5.377082090505985,0.0012244999999997397,0.06733196627704598,0.008113676446542454
713,208,153,1,1,5.4304261143400705,5.357754626063069,0.002264000000000266,0.05497410299140513,0.007409153377874973
714,215,153,1,1,5.52370719363084,5.362156233796304,0.0021901000000004167,0.04797790096267173,0.00760159708917108
715,205,153,1,1,5.507228586883241,5.402759034839322,0.0022177500000002404,0.060986714857276206,0.008057967084477233
716,206,153,1,1,5.748843533561233,5.615422026204659,0.0,0.07340989878104758,0.009247482001704593
717,214,154,1,1,5.447546702566074,5.385949799100674,0.0013404000000001304,0.06294705933093395,0.00788040246098803
718,225,156,1,1,5.397212503396053,5.343800201385616,0.0022449499999996902,0.06583519076242564,0.008359325444373312
719,210,155,1,1,5.451634873797962,5.408996107707884,0.0,0.05478062260140685,0.007944673355798597
720,206,153,1,1,5.414942227142349,5.347594586428095,0.0021585999999995664,0.07238952357388688,0.009326572634824356
721,215,154,1,1,5.4556290558029295,5.368201882729441,0.0,0.07690448740327398,0.009176435616894147
722,218,153,1,1,5.583480546614226,5.3740941821280845,0.0023074000000002926,0.08635114147373403,0.010304199652517726
723,212,154,1,1,5.537936118993238,5.453553096017751,0.001142999999999894,0.0814981397678315,0.009859245913397662
724,216,154,1,1,5.4466247372982135,5.401712213950624,0.003438000000000052,0.04659012388662635,0.007215440570485951
725,205,152,1,1,5.3411467138599535,5.246950494438259,-0.004654899999999795,0.06967299230381874,0.009889050635681592
726,204,154,1,1,5.53603149347011,5.373989637039584,0.0021385999999998795,0.06672282210024447,0.009269951549565865
727,209,155,1,1,5.321798040703753,5.239428205270998,-0.0012020999999999837,0.047607120491752135,0.006679602827704205
728,210,155,1,1,5.4279737520721065,5.311690518425475,0.002290249999999716,0.059149215501795374,0.008626304633362909
729,203,152,1,1,5.385877517438622,5.281115472213608,0.0011339500000002722,0.05636431487109024,0.007696255648072657
730,212,154,1,1,5.439737418905754,5.313750213568986,0.0,0.0590770662580501,0.008286742035788885
731,210,152,1,1,5.3298048769968975,5.275251969798073,0.0,0.04444725395552331,0.00679787341969307
732,209,154,1,1,5.314840121166284,5.255461257264306,-0.0034708999999994994,0.044532581799818095,0.006588480269015335
733,214,151,1,1,5.229897974394644,5.1886719982158,0.002353700000000014,0.06175447273074782,0.007810920010309019
734,209,154,1,1,5.324738043523839,5.242593723022006,-0.0023398500000002542,0.0487450774595113,0.006756476876068332
735,206,153,1,1,5.339372324287066,5.2400360755599955,0.0,0.052431659911107494,0.007816007745039828
736,219,154,1,1,5.3158209519582185,5.251780948632577,-0.0012354499999998048,0.05318620914732497,0.006986433176528008
737,205,154,1,1,5.263079595902954,5.224353473024201,0.0,0.04930279599431559,0.006875284692243519
738,205,153,1,1,5.233800874944851,5.146997431706889,0.0023613000000000106,0.059621994844386836,0.008693855880227983
739,208,152,1,1,5.38026890042649,5.293181793120713,0.0,0.06896270314038165,0.008517969865911945
740,206,153,1,1,5.337067726690238,5.21568333187678,0.004672049999999928,0.04999246213203776,0.0076188471268272846
741,207,153,1,1,5.21790707736744,5.142309526285888,-0.0012417000000004563,0.05449440629361098,0.007804992657391707
742,202,151,1,1,5.235030276567318,5.178967611694806,0.007243599999999795,0.08083899173905328,0.009691652828351997
743,203,150,1,1,5.218016693935321,5.134455634792798,-0.002232099999999626,0.05918083520803724,0.008479740098856832
744,194,150,1,1,5.271957275538004,5.181678128488985,0.001134400000000202,0.05900197370607698,0.007737707908514384
745,211,153,1,1,5.245179920518286,5.177104115439205,0.0012430999999999415,0.04559621826855693,0.006646002494491134
746,205,150,1,1,5.222917129374502,5.1627808540482505,-0.0024648000000002668,0.0597365063436464,0.0074854021625175215
747,197,151,1,1,5.288543818209288,5.220491361158649,0.0,0.04874377237443484,0.007026860467935683
748,198,151,1,1,5.181980203408678,5.1239982407320035,0.0012263999999997388,0.05448745305886172,0.0075037548920084945
749,204,150,1,1,5.283767490609691,5.129348194247583,-0.004821299999999695,0.05271090747264699,0.007602512421858346
750,203,151,1,1,5.186902176036057,5.128019183470037,0.0012287999999998078,0.052605914396101634,0.007776239007951759
751,211,152,1,1,5.2847628975638985,5.183570288943477,0.001124349999999552,0.05592758730342803,0.007116837424347905
752,207,151,1,1,5.683885170871353,5.465708852983906,-0.0011844999999999217,0.08483345582324174,0.009866316611683114
753,214,151,1,1,5.2329298455052005,5.151137041224324,-0.001194950000000361,0.07015579491575895,0.009330059464061772
754,204,152,1,1,5.158015241001857,5.071462515930714,-0.004876600000000231,0.07354451874533993,0.009786700586505501
755,205,152,1,1,5.175600710164836,5.065056432613492,0.0024786000000003305,0.05668756651713958,0.008084833613266132
756,207,150,1,1,5.131767274378606,5.079159060761978,-0.0023398500000002542,0.0505268533418758,0.007108639784233225
757,205,149,1,1,5.083278640950785,5.061483318772676,0.006189350000000093,0.04623528139076455,0.007107520140779272
758,201,152,1,1,5.106396624329965,5.032437425420055,0.002400849999999899,0.054400243103698454,0.007347303468540746
759,212,149,1,1,5.159639877528882,5.038152696584523,-0.004941050000000224,0.0575610636894509,0.008067261392999039
760,210,150,1,1,5.097356567207046,5.0734821929969005,0.0012268999999998087,0.05576555101046841,0.007596284001218799
761,201,149,1,1,5.154256152993971,5.002811493546938,0.0,0.059245874374815884,0.007278519734660506
762,206,150,1,1,5.244633935998519,5.068007049079388,-0.0012245000000001838,0.0455896314583201,0.007533106313665829
763,198,149,1,1,5.180477060861345,5.122468386480756,0.0,0.062341272846799516,0.00845021566933433
764,199,150,1,1,5.148721619012179,5.015387224758336,0.002432349999999417,0.08644232648456356,0.009292847333554228
765,208,150,1,1,5.222530930315447,5.120885209917707,0.0,0.06410606257207453,0.008321555484353278
766,204,150,1,1,5.094963476522565,5.03920587478338,0.0,0.06569400023043538,0.0082845866369735
767,217,152,1,1,5.46705778480869,5.289228061211235,0.001288849999999897,0.06678113544285214,0.009205670769943714
768,202,150,1,1,5.151194161329884,5.092858601894455,0.0,0.054731408665388934,0.008741795956639833
769,222,151,1,1,5.084310389963618,5.042598626895602,-0.0012588499999997005,0.05605115853998339,0.00743817207878426
770,213,152,1,1,5.128051463347179,5.028850943578347,0.012253250000000104,0.0627333170908591,0.008177644606616583
771,210,151,1,1,4.98588440554972,4.973493696290554,0.0012097500000001205,0.05718123329898843,0.008117685653534996
772,205,151,1,1,5.00666235198293,4.927850527348532,0.011207549999999955,0.05714857183740624,0.007798917397577232
773,207,148,1,1,5.075316637412245,4.936468830674344,0.0012655000000001415,0.054982704340044694,0.007951423680615391
774,204,149,1,1,5.083228524217595,4.966314512999116,0.0,0.05763961424223616,0.008160893251552843
775,204,149,1,1,4.963341478762067,4.898750129945178,0.0,0.05800392736548363,0.008522738060454537
776,201,146,1,1,4.985876262672516,4.915757621753114,0.003852400000000422,0.053829442181394786,0.0070774331741250635
777,195,148,1,1,5.126045817205785,5.009470818340049,-0.001561650000000192,0.0703855756844585,0.009621715602348806
778,198,147,1,1,5.020611577661231,4.9740842578097855,-0.0015272999999997872,0.06208394110492803,0.008521281348630396
779,199,145,1,1,5.048553055684876,4.906248929238124,-0.004976749999999974,0.061146129251706,0.008911328106721485
780,198,145,1,1,5.023961187133882,4.909733626429302,0.0011748999999996457,0.05497353753112809,0.008347216774707839
781,208,147,1,1,5.01774977881846,4.914332287430002,-0.0037340999999999624,0.07414332234860488,0.008259496471805293
782,198,147,1,1,4.953064268491094,4.864375391828373,0.0,0.04951298643061556,0.007227604795057803
783,203,146,1,1,5.024634389045434,4.883510957231106,0.0012077999999999811,0.0458177656023655,0.007313897248506733
784,198,144,1,1,4.99882900450579,4.927000692804397,-0.0024604999999997546,0.06742562457384693,0.00856896710317972
785,205,145,1,1,4.9167787821034254,4.9024212842696215,0.0024561499999999903,0.06030220520529578,0.00762305908968262
786,205,146,1,1,4.961526684007459,4.890660307057595,0.003704599999999836,0.05923604869616482,0.00814675436919197
787,201,144,1,1,4.8195860136611985,4.785998560238243,-0.002500550000000601,0.04929981779066401,0.00736447496483172
788,198,144,1,1,5.0105037322995,4.895401204246186,0.007890249999999988,0.06897540343201498,0.00912273936473233
789,210,145,1,1,4.995402237487909,4.892291106834858,0.0,0.05710060574382992,0.007929683351328138
790,205,143,1,1,4.943097252896738,4.8308696453494315,0.0,0.05933056369582574,0.007375907014185308
791,207,143,1,1,5.1151763244150965,4.943100611853897,0.002319299999999913,0.06433816986763805,0.008229262619150267
792,197,144,1,1,4.8730784025057226,4.772478187560526,0.0,0.045183133770635535,0.00763907477484018
793,195,145,1,1,5.038870826794303,4.937158686083636,0.0012536000000000769,0.05616086824794981,0.00816950449487773
794,202,144,1,1,4.8759570953087765,4.814586027694874,-0.0012550500000001463,0.05756094448711924,0.0077541485337644595
795,209,146,1,1,4.923816953238636,4.826575789379878,0.0,0.06579119833995391,0.00840700236784752
796,201,145,1,1,4.866285394537321,4.785991268424055,0.0014124000000004244,0.057615090608351224,0.0073269808035938
797,203,147,1,1,4.832711349994533,4.760191195807765,-0.0025930500000002077,0.04262810623907862,0.007169697566293414
798,209,145,1,1,4.914622905879243,4.8098446614855295,0.003687349999999867,0.057104293585604746,0.007906542121230717
799,188,144,1,1,4.849205004383142,4.801835044847772,-0.0012745999999994595,0.05931734385317897,0.008325934782869339
800,203,145,1,1,4.776479586823809,4.7222988139606,-0.00134085000000006,0.037227633155257,0.006579374130483695
801,214,146,1,1,4.869609656180309,4.767727644119221,0.0,0.0409651646298334,0.006808090721261959
802,198,144,1,1,4.764231122706761,4.713972487456139,0.0012960500000005482,0.054933761273459024,0.007379221848123064
803,203,144,1,1,4.845586376495669,4.733874386296207,-0.00258780000000014,0.05300664686828612,0.00782839066700167
804,204,146,1,1,4.746873610880283,4.6901564988166635,-0.0025916000000001382,0.04546220216622468,0.007150863086977798
805,188,142,1,1,4.858248466468966,4.741031032457071,0.0012750500000002774,0.061588872093718015,0.008554883573943212
806,195,141,1,1,4.839706703550084,4.726453398154471,-0.0014281499999997394,0.0517235469998445,0.007579883258082518
807,197,142,1,1,4.738449721123423,4.6561845993013335,-0.0013393999999999906,0.04480194486928793,0.006184827766676334
808,201,142,1,1,4.730661577614123,4.665043428539896,-0.0012970000000001036,0.05051076158627891,0.007510182528978456
809,202,143,1,1,4.75632498327448,4.670187995017225,0.0053362999999997385,0.048803524568906846,0.006952113686703783
810,197,142,1,1,4.69161567297315,4.662014249424275,0.0,0.06459583623387695,0.007635523011528281
811,214,142,1,1,4.668888618606446,4.605466783061029,-0.0026245000000000296,0.05226540584385123,0.007990143024161392
812,199,140,1,1,4.716298291005837,4.625843308442173,-0.0013617999999997465,0.055825277225713066,0.008449737889194467
813,196,141,1,1,4.637636894050617,4.586870753605604,0.0,0.05230889220556259,0.0073084488653178655
814,186,141,1,1,4.642329042113631,4.621228249407364,0.0014405000000001777,0.04734754791406439,0.007144402083792625
815,179,139,1,1,4.75618169499605,4.677224229376181,-0.0013518000000001251,0.0588004638030639,0.007270479211630945
816,188,138,1,1,4.645754948230609,4.59093372155645,0.0012841500000000394,0.05195944915398782,0.007030575081522873
817,191,140,1,1,4.729037808702078,4.628136642059349,0.0013585499999999584,0.06048746865254839,0.008043997472806938
818,189,138,1,1,4.661711703840935,4.609319919231762,0.005380099999999999,0.06125068707228671,0.008017599086000634
819,195,139,1,1,4.753770560025772,4.675885717837669,0.0,0.05437758496505496,0.008255100624831235
820,193,139,1,1,4.609592003974649,4.53527556578037,-0.0013579999999997483,0.04729601015465216,0.007254895314007309
821,194,141,1,1,4.6945778368981,4.5858341927843025,0.0,0.058887561301388114,0.008253564604025952
822,189,140,1,1,4.721501863440421,4.592986135267594,0.0012674000000001406,0.0568644820266043,0.007645830635239321
823,187,138,1,1,4.697510735626709,4.579814695330377,0.0,0.059765206687089796,0.007440041870711059
824,186,137,1,1,4.625126299170754,4.546454301560739,-0.003969650000000158,0.053722157851546715,0.007444583689726474
825,188,137,1,1,4.5535056642014435,4.501246677942638,0.0013304000000000649,0.049495567197254425,0.0069737683005926575
826,182,136,1,1,4.582539674311222,4.501463525801861,0.0,0.04339712490840738,0.006601457564019032
827,187,137,1,1,4.5493027410756275,4.506729478454137,-0.0012960500000005482,0.0428958532746111,0.0072999998718204515
828,183,141,1,1,4.640504268271558,4.528133751773458,-0.0013909499999997799,0.053438172338954565,0.007076661489148071
829,195,137,1,1,4.616571322732826,4.511910155065287,-0.002688849999999743,0.047740854500355354,0.006962509921263777
830,190,140,1,1,4.586471441939863,4.550127011497153,-0.0027065500000000853,0.0449196562336779,0.007330851506878258
831,198,139,1,1,4.5890884677963655,4.503987353765617,-0.006910799999999995,0.04113585166278634,0.006252404400646771
832,184,141,1,1,4.5261075848042145,4.459525466208399,0.0013599500000003317,0.0369747758810773,0.006011931881340178
833,188,139,1,1,4.54230576147817,4.470666556979663,-0.005589499999999692,0.053309791052551375,0.006860487431771199
834,172,137,1,1,4.518076184738784,4.448939818945301,0.0014452999999998717,0.04969145812502672,0.007359332651402579
835,194,139,1,1,4.519527164205511,4.45371752517108,0.0013642499999999558,0.03593128031110592,0.006460346434582128
836,181,138,1,1,4.511629467930227,4.451616810351612,0.0026898500000003267,0.0446623556846943,0.006916087685311288
837,177,136,1,1,4.463148222897964,4.410642476631764,-0.002848149999999716,0.03883830505199418,0.006269386133509755
838,182,135,1,1,4.529365012761559,4.412190922377276,-0.0014195500000004913,0.036634891665140897,0.0066420923401529055
839,184,137,1,1,4.481718256938815,4.389149996992485,-0.0013919000000002235,0.041248241092561255,0.006548677333458318
840,186,136,1,1,4.421020861832149,4.34996110538933,-0.002868599999999777,0.049991793573881456,0.006729496041997261
841,177,137,1,1,4.480281677112317,4.384642549174944,0.007223149999999734,0.03700801290828507,0.0061338618758670915
842,178,136,1,1,4.398321549335848,4.362063575190569,-0.0014180999999995336,0.04444179602099936,0.006337037644182881
843,179,134,1,1,4.406265261521233,4.369713783216335,0.0,0.04508315473047722,0.006428970858068904
844,180,135,1,1,4.376034701068328,4.339854619375906,-0.004273399999999761,0.044524320000276334,0.006570465684548684
845,182,135,1,1,4.4116085591714285,4.364532355756327,0.0,0.0494684767062853,0.0063637085634811975
846,177,134,1,1,4.425985706998988,4.361771154749979,0.0014272000000001839,0.035654979642434796,0.0063018222262991724
847,177,134,1,1,4.373255026354893,4.326272811999469,0.0,0.04435386799546282,0.006726471943962325
848,178,136,1,1,4.3725687852439306,4.288707420362297,0.0,0.04037117792563764,0.006081409713184841
849,179,132,1,1,4.331109324678738,4.321023331123705,-0.0029025499999999482,0.028603780727016845,0.0056441852222851195
850,173,133,1,1,4.464407358639598,4.364784905268971,-0.0013699499999999531,0.038889413835585834,0.0065308952834498
851,188,134,1,1,4.378727678345049,4.345395748232013,0.0,0.03402462575659406,0.006191063592948385
852,176,133,1,1,4.323307489265132,4.298220306481868,0.0015139500000000972,0.03808137104836849,0.006171808899294523
853,173,134,1,1,4.371155178860227,4.274921581079866,0.001473900000000583,0.03296135016722261,0.006100214428983997
854,183,134,1,1,4.356138209197443,4.2982610740688605,-0.004323049999999995,0.04495585135107935,0.006370603978303449
855,174,133,1,1,4.311128895100619,4.25207488507938,-0.0014481499999998704,0.038709375995633975,0.006355000824176746
856,185,133,1,1,4.354732810265484,4.275319183203908,-0.004318200000000161,0.039444428736265434,0.006693073380848372
857,175,131,1,1,4.30522664678681,4.251396981508012,0.0,0.04159858690693,0.006675656131659296
858,182,133,1,1,4.2409415280920015,4.184990654973094,0.007344250000000052,0.02990349112521748,0.005850258607639553
859,168,134,1,1,4.341180378075485,4.275369194901135,0.0,0.0349484915224575,0.005997906920657923
860,177,133,1,1,4.311285698194839,4.259409552681329,0.0014810499999997617,0.0378361441546212,0.005927751064839528
861,173,130,1,1,4.290468618974298,4.257215784831477,0.0014610500000000748,0.03775129810402472,0.006094532250243761
862,176,131,1,1,4.269169239674171,4.208270221659074,0.002837650000000025,0.052261797091506045,0.006565875069688399
863,169,130,1,1,4.277205398425439,4.201066744009994,0.0,0.041675341535990944,0.006505590072592878
864,183,132,1,1,4.231479908405365,4.202171439663519,-0.001415249999999979,0.04004768074223412,0.006225051329331532
865,184,131,1,1,4.228707765547751,4.203486871962163,-0.0028906499999998836,0.03804035768487085,0.005956974698635475
866,180,133,1,1,4.230053100473255,4.180750443433425,0.0029354500000002837,0.03830676795155066,0.006312555410072527
867,187,133,1,1,4.210101786536232,4.203125225896552,-0.0014586500000000058,0.053699988378810806,0.007259453102955878
868,175,132,1,1,4.212589579091011,4.164773478429323,0.0,0.032792993858354505,0.005497827629402562
869,174,133,1,1,4.1676040097460865,4.102108752883374,-0.002900600000000253,0.039071421559535836,0.005962110011137463
